color_id,name,rgb,year,quantity
-1,[Unknown],0033B2,2000,17
0,Black,05131D,1957,1
0,Black,05131D,1958,198
0,Black,05131D,1959,1
0,Black,05131D,1960,20
0,Black,05131D,1961,15
0,Black,05131D,1962,349
0,Black,05131D,1963,236
0,Black,05131D,1964,321
0,Black,05131D,1965,252
0,Black,05131D,1966,396
0,Black,05131D,1967,700
0,Black,05131D,1968,814
0,Black,05131D,1969,1019
0,Black,05131D,1970,615
0,Black,05131D,1971,740
0,Black,05131D,1972,750
0,Black,05131D,1973,1106
0,Black,05131D,1974,810
0,Black,05131D,1975,1222
0,Black,05131D,1976,2901
0,Black,05131D,1977,2041
0,Black,05131D,1978,2953
0,Black,05131D,1979,1680
0,Black,05131D,1980,3478
0,Black,05131D,1981,2148
0,Black,05131D,1982,1114
0,Black,05131D,1983,1861
0,Black,05131D,1984,1988
0,Black,05131D,1985,4583
0,Black,05131D,1986,4060
0,Black,05131D,1987,3827
0,Black,05131D,1988,3259
0,Black,05131D,1989,5210
0,Black,05131D,1990,4323
0,Black,05131D,1991,5705
0,Black,05131D,1992,4648
0,Black,05131D,1993,5658
0,Black,05131D,1994,6197
0,Black,05131D,1995,6642
0,Black,05131D,1996,9747
0,Black,05131D,1997,7345
0,Black,05131D,1998,12078
0,Black,05131D,1999,8305
0,Black,05131D,2000,9091
0,Black,05131D,2001,11306
0,Black,05131D,2002,15458
0,Black,05131D,2003,17568
0,Black,05131D,2004,12297
0,Black,05131D,2005,18582
0,Black,05131D,2006,21736
0,Black,05131D,2007,17930
0,Black,05131D,2008,19434
0,Black,05131D,2009,18543
0,Black,05131D,2010,19369
0,Black,05131D,2011,19948
0,Black,05131D,2012,17554
0,Black,05131D,2013,23117
0,Black,05131D,2014,27091
0,Black,05131D,2015,28435
0,Black,05131D,2016,28139
0,Black,05131D,2017,33323
0,Black,05131D,2018,34437
0,Black,05131D,2019,37653
0,Black,05131D,2020,48700
0,Black,05131D,2021,55894
0,Black,05131D,2022,48087
0,Black,05131D,2023,51529
0,Black,05131D,2024,56982
0,Black,05131D,2025,62291
1,Blue,0055BF,1949,72
1,Blue,0055BF,1950,10
1,Blue,0055BF,1953,2
1,Blue,0055BF,1954,18
1,Blue,0055BF,1955,189
1,Blue,0055BF,1956,6
1,Blue,0055BF,1957,88
1,Blue,0055BF,1958,336
1,Blue,0055BF,1959,21
1,Blue,0055BF,1960,50
1,Blue,0055BF,1961,167
1,Blue,0055BF,1962,376
1,Blue,0055BF,1963,226
1,Blue,0055BF,1964,399
1,Blue,0055BF,1965,277
1,Blue,0055BF,1966,1169
1,Blue,0055BF,1967,685
1,Blue,0055BF,1968,473
1,Blue,0055BF,1969,1066
1,Blue,0055BF,1970,316
1,Blue,0055BF,1971,592
1,Blue,0055BF,1972,838
1,Blue,0055BF,1973,1218
1,Blue,0055BF,1974,579
1,Blue,0055BF,1975,1034
1,Blue,0055BF,1976,1916
1,Blue,0055BF,1977,1298
1,Blue,0055BF,1978,840
1,Blue,0055BF,1979,1682
1,Blue,0055BF,1980,1505
1,Blue,0055BF,1981,867
1,Blue,0055BF,1982,643
1,Blue,0055BF,1983,786
1,Blue,0055BF,1984,1536
1,Blue,0055BF,1985,2494
1,Blue,0055BF,1986,1696
1,Blue,0055BF,1987,1675
1,Blue,0055BF,1988,558
1,Blue,0055BF,1989,1371
1,Blue,0055BF,1990,1657
1,Blue,0055BF,1991,1304
1,Blue,0055BF,1992,874
1,Blue,0055BF,1993,1224
1,Blue,0055BF,1994,1062
1,Blue,0055BF,1995,2603
1,Blue,0055BF,1996,2906
1,Blue,0055BF,1997,2601
1,Blue,0055BF,1998,6032
1,Blue,0055BF,1999,3071
1,Blue,0055BF,2000,2422
1,Blue,0055BF,2001,2601
1,Blue,0055BF,2002,3127
1,Blue,0055BF,2003,4254
1,Blue,0055BF,2004,4840
1,Blue,0055BF,2005,4516
1,Blue,0055BF,2006,5628
1,Blue,0055BF,2007,4226
1,Blue,0055BF,2008,5288
1,Blue,0055BF,2009,5582
1,Blue,0055BF,2010,6410
1,Blue,0055BF,2011,4621
1,Blue,0055BF,2012,4746
1,Blue,0055BF,2013,5609
1,Blue,0055BF,2014,6899
1,Blue,0055BF,2015,6718
1,Blue,0055BF,2016,7173
1,Blue,0055BF,2017,7918
1,Blue,0055BF,2018,7934
1,Blue,0055BF,2019,8630
1,Blue,0055BF,2020,9628
1,Blue,0055BF,2021,10733
1,Blue,0055BF,2022,9758
1,Blue,0055BF,2023,7719
1,Blue,0055BF,2024,9235
1,Blue,0055BF,2025,8706
2,Green,237841,1949,140
2,Green,237841,1950,9
2,Green,237841,1953,26
2,Green,237841,1954,6
2,Green,237841,1955,12
2,Green,237841,1957,15
2,Green,237841,1958,28
2,Green,237841,1960,2
2,Green,237841,1961,15
2,Green,237841,1962,184
2,Green,237841,1963,3
2,Green,237841,1964,12
2,Green,237841,1965,6
2,Green,237841,1966,46
2,Green,237841,1967,36
2,Green,237841,1968,13
2,Green,237841,1969,51
2,Green,237841,1970,133
2,Green,237841,1971,119
2,Green,237841,1972,22
2,Green,237841,1973,59
2,Green,237841,1974,9
2,Green,237841,1975,37
2,Green,237841,1976,79
2,Green,237841,1977,48
2,Green,237841,1978,113
2,Green,237841,1979,96
2,Green,237841,1980,88
2,Green,237841,1981,145
2,Green,237841,1982,74
2,Green,237841,1983,67
2,Green,237841,1984,82
2,Green,237841,1985,287
2,Green,237841,1986,206
2,Green,237841,1987,236
2,Green,237841,1988,177
2,Green,237841,1989,300
2,Green,237841,1990,276
2,Green,237841,1991,263
2,Green,237841,1992,284
2,Green,237841,1993,320
2,Green,237841,1994,386
2,Green,237841,1995,501
2,Green,237841,1996,912
2,Green,237841,1997,1530
2,Green,237841,1998,2656
2,Green,237841,1999,1438
2,Green,237841,2000,2040
2,Green,237841,2001,2972
2,Green,237841,2002,2121
2,Green,237841,2003,2039
2,Green,237841,2004,2200
2,Green,237841,2005,2153
2,Green,237841,2006,2095
2,Green,237841,2007,1526
2,Green,237841,2008,1560
2,Green,237841,2009,1808
2,Green,237841,2010,2740
2,Green,237841,2011,1554
2,Green,237841,2012,2461
2,Green,237841,2013,2468
2,Green,237841,2014,2326
2,Green,237841,2015,2433
2,Green,237841,2016,2690
2,Green,237841,2017,3244
2,Green,237841,2018,3482
2,Green,237841,2019,2771
2,Green,237841,2020,3154
2,Green,237841,2021,4775
2,Green,237841,2022,5113
2,Green,237841,2023,4755
2,Green,237841,2024,6260
2,Green,237841,2025,7910
3,Dark Turquoise,008F9B,1998,445
3,Dark Turquoise,008F9B,1999,238
3,Dark Turquoise,008F9B,2000,79
3,Dark Turquoise,008F9B,2001,78
3,Dark Turquoise,008F9B,2002,68
3,Dark Turquoise,008F9B,2003,434
3,Dark Turquoise,008F9B,2004,396
3,Dark Turquoise,008F9B,2005,12
3,Dark Turquoise,008F9B,2018,626
3,Dark Turquoise,008F9B,2019,824
3,Dark Turquoise,008F9B,2020,1953
3,Dark Turquoise,008F9B,2021,5149
3,Dark Turquoise,008F9B,2022,3441
3,Dark Turquoise,008F9B,2023,3441
3,Dark Turquoise,008F9B,2024,3138
3,Dark Turquoise,008F9B,2025,2111
4,Red,C91A09,1949,145
4,Red,C91A09,1950,3
4,Red,C91A09,1953,26
4,Red,C91A09,1954,70
4,Red,C91A09,1955,312
4,Red,C91A09,1956,166
4,Red,C91A09,1957,300
4,Red,C91A09,1958,401
4,Red,C91A09,1959,22
4,Red,C91A09,1960,160
4,Red,C91A09,1961,665
4,Red,C91A09,1962,488
4,Red,C91A09,1963,689
4,Red,C91A09,1964,523
4,Red,C91A09,1965,375
4,Red,C91A09,1966,2364
4,Red,C91A09,1967,1101
4,Red,C91A09,1968,2068
4,Red,C91A09,1969,1928
4,Red,C91A09,1970,1145
4,Red,C91A09,1971,1837
4,Red,C91A09,1972,1267
4,Red,C91A09,1973,2434
4,Red,C91A09,1974,1076
4,Red,C91A09,1975,1538
4,Red,C91A09,1976,2499
4,Red,C91A09,1977,2055
4,Red,C91A09,1978,2631
4,Red,C91A09,1979,1179
4,Red,C91A09,1980,2172
4,Red,C91A09,1981,1637
4,Red,C91A09,1982,1054
4,Red,C91A09,1983,1065
4,Red,C91A09,1984,749
4,Red,C91A09,1985,4081
4,Red,C91A09,1986,2480
4,Red,C91A09,1987,2680
4,Red,C91A09,1988,1117
4,Red,C91A09,1989,1739
4,Red,C91A09,1990,4332
4,Red,C91A09,1991,4159
4,Red,C91A09,1992,2001
4,Red,C91A09,1993,2232
4,Red,C91A09,1994,3006
4,Red,C91A09,1995,3456
4,Red,C91A09,1996,3975
4,Red,C91A09,1997,4093
4,Red,C91A09,1998,7323
4,Red,C91A09,1999,3566
4,Red,C91A09,2000,3474
4,Red,C91A09,2001,3544
4,Red,C91A09,2002,5104
4,Red,C91A09,2003,5379
4,Red,C91A09,2004,5940
4,Red,C91A09,2005,6683
4,Red,C91A09,2006,8470
4,Red,C91A09,2007,9043
4,Red,C91A09,2008,6962
4,Red,C91A09,2009,7653
4,Red,C91A09,2010,9274
4,Red,C91A09,2011,7771
4,Red,C91A09,2012,6720
4,Red,C91A09,2013,8147
4,Red,C91A09,2014,7976
4,Red,C91A09,2015,7791
4,Red,C91A09,2016,7685
4,Red,C91A09,2017,9940
4,Red,C91A09,2018,10304
4,Red,C91A09,2019,11155
4,Red,C91A09,2020,14138
4,Red,C91A09,2021,15170
4,Red,C91A09,2022,15414
4,Red,C91A09,2023,14482
4,Red,C91A09,2024,16934
4,Red,C91A09,2025,18871
5,Dark Pink,C870A0,2003,64
5,Dark Pink,C870A0,2004,134
5,Dark Pink,C870A0,2005,111
5,Dark Pink,C870A0,2006,53
5,Dark Pink,C870A0,2007,114
5,Dark Pink,C870A0,2008,125
5,Dark Pink,C870A0,2009,61
5,Dark Pink,C870A0,2010,367
5,Dark Pink,C870A0,2011,43
5,Dark Pink,C870A0,2012,398
5,Dark Pink,C870A0,2013,405
5,Dark Pink,C870A0,2014,609
5,Dark Pink,C870A0,2015,532
5,Dark Pink,C870A0,2016,495
5,Dark Pink,C870A0,2017,499
5,Dark Pink,C870A0,2018,812
5,Dark Pink,C870A0,2019,792
5,Dark Pink,C870A0,2020,1980
5,Dark Pink,C870A0,2021,1073
5,Dark Pink,C870A0,2022,1479
5,Dark Pink,C870A0,2023,1195
5,Dark Pink,C870A0,2024,2172
5,Dark Pink,C870A0,2025,1989
6,Brown,583927,1974,6
6,Brown,583927,1975,7
6,Brown,583927,1976,11
6,Brown,583927,1977,6
6,Brown,583927,1978,37
6,Brown,583927,1979,26
6,Brown,583927,1980,14
6,Brown,583927,1981,10
6,Brown,583927,1982,20
6,Brown,583927,1983,9
6,Brown,583927,1984,54
6,Brown,583927,1985,88
6,Brown,583927,1986,80
6,Brown,583927,1987,63
6,Brown,583927,1988,56
6,Brown,583927,1989,578
6,Brown,583927,1990,129
6,Brown,583927,1991,181
6,Brown,583927,1992,239
6,Brown,583927,1993,264
6,Brown,583927,1994,183
6,Brown,583927,1995,210
6,Brown,583927,1996,1063
6,Brown,583927,1997,472
6,Brown,583927,1998,518
6,Brown,583927,1999,313
6,Brown,583927,2000,719
6,Brown,583927,2001,972
6,Brown,583927,2002,1355
6,Brown,583927,2003,1366
6,Brown,583927,2004,385
6,Brown,583927,2005,233
6,Brown,583927,2006,60
7,Light Gray,9BA19D,1954,1
7,Light Gray,9BA19D,1957,3
7,Light Gray,9BA19D,1958,2
7,Light Gray,9BA19D,1959,1
7,Light Gray,9BA19D,1961,82
7,Light Gray,9BA19D,1962,377
7,Light Gray,9BA19D,1963,97
7,Light Gray,9BA19D,1964,129
7,Light Gray,9BA19D,1965,151
7,Light Gray,9BA19D,1966,334
7,Light Gray,9BA19D,1967,359
7,Light Gray,9BA19D,1968,305
7,Light Gray,9BA19D,1969,314
7,Light Gray,9BA19D,1970,173
7,Light Gray,9BA19D,1971,101
7,Light Gray,9BA19D,1972,203
7,Light Gray,9BA19D,1973,151
7,Light Gray,9BA19D,1974,217
7,Light Gray,9BA19D,1975,129
7,Light Gray,9BA19D,1976,369
7,Light Gray,9BA19D,1977,868
7,Light Gray,9BA19D,1978,1487
7,Light Gray,9BA19D,1979,2198
7,Light Gray,9BA19D,1980,2797
7,Light Gray,9BA19D,1981,1891
7,Light Gray,9BA19D,1982,850
7,Light Gray,9BA19D,1983,1238
7,Light Gray,9BA19D,1984,1676
7,Light Gray,9BA19D,1985,3055
7,Light Gray,9BA19D,1986,3546
7,Light Gray,9BA19D,1987,1712
7,Light Gray,9BA19D,1988,1453
7,Light Gray,9BA19D,1989,2324
7,Light Gray,9BA19D,1990,2890
7,Light Gray,9BA19D,1991,3193
7,Light Gray,9BA19D,1992,3357
7,Light Gray,9BA19D,1993,3348
7,Light Gray,9BA19D,1994,3853
7,Light Gray,9BA19D,1995,4777
7,Light Gray,9BA19D,1996,4633
7,Light Gray,9BA19D,1997,5202
7,Light Gray,9BA19D,1998,5190
7,Light Gray,9BA19D,1999,5641
7,Light Gray,9BA19D,2000,5530
7,Light Gray,9BA19D,2001,6276
7,Light Gray,9BA19D,2002,10770
7,Light Gray,9BA19D,2003,10406
7,Light Gray,9BA19D,2004,1336
7,Light Gray,9BA19D,2005,230
7,Light Gray,9BA19D,2006,80
7,Light Gray,9BA19D,2007,1
8,Dark Gray,6D6E5C,1978,8
8,Dark Gray,6D6E5C,1979,8
8,Dark Gray,6D6E5C,1980,361
8,Dark Gray,6D6E5C,1981,42
8,Dark Gray,6D6E5C,1982,11
8,Dark Gray,6D6E5C,1983,78
8,Dark Gray,6D6E5C,1984,37
8,Dark Gray,6D6E5C,1985,254
8,Dark Gray,6D6E5C,1986,28
8,Dark Gray,6D6E5C,1987,21
8,Dark Gray,6D6E5C,1988,47
8,Dark Gray,6D6E5C,1989,222
8,Dark Gray,6D6E5C,1990,73
8,Dark Gray,6D6E5C,1991,241
8,Dark Gray,6D6E5C,1992,144
8,Dark Gray,6D6E5C,1993,200
8,Dark Gray,6D6E5C,1994,236
8,Dark Gray,6D6E5C,1995,324
8,Dark Gray,6D6E5C,1996,689
8,Dark Gray,6D6E5C,1997,583
8,Dark Gray,6D6E5C,1998,1810
8,Dark Gray,6D6E5C,1999,1677
8,Dark Gray,6D6E5C,2000,2852
8,Dark Gray,6D6E5C,2001,3266
8,Dark Gray,6D6E5C,2002,4160
8,Dark Gray,6D6E5C,2003,5673
8,Dark Gray,6D6E5C,2004,785
8,Dark Gray,6D6E5C,2005,172
8,Dark Gray,6D6E5C,2006,61
8,Dark Gray,6D6E5C,2008,1
9,Light Blue,B4D2E3,1995,2
9,Light Blue,B4D2E3,1996,2
9,Light Blue,B4D2E3,1998,1
9,Light Blue,B4D2E3,2000,8
9,Light Blue,B4D2E3,2001,6
9,Light Blue,B4D2E3,2002,15
9,Light Blue,B4D2E3,2003,4
10,Bright Green,4B9F4A,1949,3
10,Bright Green,4B9F4A,1995,3
10,Bright Green,4B9F4A,1996,4
10,Bright Green,4B9F4A,1997,33
10,Bright Green,4B9F4A,1998,75
10,Bright Green,4B9F4A,1999,112
10,Bright Green,4B9F4A,2000,90
10,Bright Green,4B9F4A,2001,79
10,Bright Green,4B9F4A,2002,186
10,Bright Green,4B9F4A,2003,195
10,Bright Green,4B9F4A,2004,421
10,Bright Green,4B9F4A,2005,283
10,Bright Green,4B9F4A,2006,281
10,Bright Green,4B9F4A,2007,281
10,Bright Green,4B9F4A,2008,337
10,Bright Green,4B9F4A,2009,293
10,Bright Green,4B9F4A,2010,290
10,Bright Green,4B9F4A,2011,222
10,Bright Green,4B9F4A,2012,549
10,Bright Green,4B9F4A,2013,438
10,Bright Green,4B9F4A,2014,628
10,Bright Green,4B9F4A,2015,762
10,Bright Green,4B9F4A,2016,757
10,Bright Green,4B9F4A,2017,591
10,Bright Green,4B9F4A,2018,735
10,Bright Green,4B9F4A,2019,1030
10,Bright Green,4B9F4A,2020,1325
10,Bright Green,4B9F4A,2021,3426
10,Bright Green,4B9F4A,2022,2894
10,Bright Green,4B9F4A,2023,3110
10,Bright Green,4B9F4A,2024,3235
10,Bright Green,4B9F4A,2025,3912
11,Light Turquoise,55A5AF,1998,9
11,Light Turquoise,55A5AF,1999,10
11,Light Turquoise,55A5AF,2000,56
11,Light Turquoise,55A5AF,2001,17
11,Light Turquoise,55A5AF,2002,4
11,Light Turquoise,55A5AF,2003,45
11,Light Turquoise,55A5AF,2004,1
12,Salmon,F2705E,1997,106
12,Salmon,F2705E,1998,76
12,Salmon,F2705E,1999,2
12,Salmon,F2705E,2000,2
13,Pink,FC97AC,1994,72
13,Pink,FC97AC,1995,89
13,Pink,FC97AC,1996,113
13,Pink,FC97AC,1997,40
13,Pink,FC97AC,1998,3
13,Pink,FC97AC,1999,48
13,Pink,FC97AC,2000,20
13,Pink,FC97AC,2001,5
13,Pink,FC97AC,2002,19
13,Pink,FC97AC,2003,43
13,Pink,FC97AC,2004,22
13,Pink,FC97AC,2005,9
14,Yellow,F2CD37,1949,105
14,Yellow,F2CD37,1953,26
14,Yellow,F2CD37,1954,18
14,Yellow,F2CD37,1955,188
14,Yellow,F2CD37,1956,6
14,Yellow,F2CD37,1957,20
14,Yellow,F2CD37,1958,225
14,Yellow,F2CD37,1960,30
14,Yellow,F2CD37,1961,199
14,Yellow,F2CD37,1962,349
14,Yellow,F2CD37,1963,140
14,Yellow,F2CD37,1964,68
14,Yellow,F2CD37,1965,126
14,Yellow,F2CD37,1966,528
14,Yellow,F2CD37,1967,475
14,Yellow,F2CD37,1968,626
14,Yellow,F2CD37,1969,618
14,Yellow,F2CD37,1970,449
14,Yellow,F2CD37,1971,386
14,Yellow,F2CD37,1972,647
14,Yellow,F2CD37,1973,914
14,Yellow,F2CD37,1974,592
14,Yellow,F2CD37,1975,826
14,Yellow,F2CD37,1976,1778
14,Yellow,F2CD37,1977,1736
14,Yellow,F2CD37,1978,2368
14,Yellow,F2CD37,1979,1648
14,Yellow,F2CD37,1980,1563
14,Yellow,F2CD37,1981,1559
14,Yellow,F2CD37,1982,932
14,Yellow,F2CD37,1983,647
14,Yellow,F2CD37,1984,923
14,Yellow,F2CD37,1985,2226
14,Yellow,F2CD37,1986,1946
14,Yellow,F2CD37,1987,1976
14,Yellow,F2CD37,1988,1474
14,Yellow,F2CD37,1989,2296
14,Yellow,F2CD37,1990,1955
14,Yellow,F2CD37,1991,2938
14,Yellow,F2CD37,1992,1344
14,Yellow,F2CD37,1993,1577
14,Yellow,F2CD37,1994,1684
14,Yellow,F2CD37,1995,3401
14,Yellow,F2CD37,1996,3712
14,Yellow,F2CD37,1997,3927
14,Yellow,F2CD37,1998,6824
14,Yellow,F2CD37,1999,3430
14,Yellow,F2CD37,2000,2771
14,Yellow,F2CD37,2001,2786
14,Yellow,F2CD37,2002,3174
14,Yellow,F2CD37,2003,4029
14,Yellow,F2CD37,2004,4609
14,Yellow,F2CD37,2005,5735
14,Yellow,F2CD37,2006,4651
14,Yellow,F2CD37,2007,4994
14,Yellow,F2CD37,2008,4287
14,Yellow,F2CD37,2009,5732
14,Yellow,F2CD37,2010,5974
14,Yellow,F2CD37,2011,4171
14,Yellow,F2CD37,2012,4257
14,Yellow,F2CD37,2013,4824
14,Yellow,F2CD37,2014,5091
14,Yellow,F2CD37,2015,5050
14,Yellow,F2CD37,2016,6251
14,Yellow,F2CD37,2017,4921
14,Yellow,F2CD37,2018,5323
14,Yellow,F2CD37,2019,5835
14,Yellow,F2CD37,2020,9764
14,Yellow,F2CD37,2021,9444
14,Yellow,F2CD37,2022,9214
14,Yellow,F2CD37,2023,8199
14,Yellow,F2CD37,2024,8221
14,Yellow,F2CD37,2025,9658
15,White,FFFFFF,1949,190
15,White,FFFFFF,1953,26
15,White,FFFFFF,1954,63
15,White,FFFFFF,1955,482
15,White,FFFFFF,1956,297
15,White,FFFFFF,1957,987
15,White,FFFFFF,1958,1462
15,White,FFFFFF,1959,8
15,White,FFFFFF,1960,287
15,White,FFFFFF,1961,1150
15,White,FFFFFF,1962,797
15,White,FFFFFF,1963,549
15,White,FFFFFF,1964,430
15,White,FFFFFF,1965,500
15,White,FFFFFF,1966,2353
15,White,FFFFFF,1967,666
15,White,FFFFFF,1968,1388
15,White,FFFFFF,1969,1411
15,White,FFFFFF,1970,865
15,White,FFFFFF,1971,1417
15,White,FFFFFF,1972,743
15,White,FFFFFF,1973,1901
15,White,FFFFFF,1974,862
15,White,FFFFFF,1975,492
15,White,FFFFFF,1976,1946
15,White,FFFFFF,1977,1060
15,White,FFFFFF,1978,1711
15,White,FFFFFF,1979,1480
15,White,FFFFFF,1980,845
15,White,FFFFFF,1981,1229
15,White,FFFFFF,1982,1022
15,White,FFFFFF,1983,1340
15,White,FFFFFF,1984,660
15,White,FFFFFF,1985,2520
15,White,FFFFFF,1986,3096
15,White,FFFFFF,1987,3029
15,White,FFFFFF,1988,2315
15,White,FFFFFF,1989,2236
15,White,FFFFFF,1990,4311
15,White,FFFFFF,1991,3906
15,White,FFFFFF,1992,2696
15,White,FFFFFF,1993,3085
15,White,FFFFFF,1994,2570
15,White,FFFFFF,1995,3230
15,White,FFFFFF,1996,6124
15,White,FFFFFF,1997,3138
15,White,FFFFFF,1998,5971
15,White,FFFFFF,1999,3897
15,White,FFFFFF,2000,3186
15,White,FFFFFF,2001,3857
15,White,FFFFFF,2002,4409
15,White,FFFFFF,2003,10010
15,White,FFFFFF,2004,8382
15,White,FFFFFF,2005,7161
15,White,FFFFFF,2006,8676
15,White,FFFFFF,2007,9175
15,White,FFFFFF,2008,14959
15,White,FFFFFF,2009,9812
15,White,FFFFFF,2010,15165
15,White,FFFFFF,2011,10517
15,White,FFFFFF,2012,10045
15,White,FFFFFF,2013,12352
15,White,FFFFFF,2014,13300
15,White,FFFFFF,2015,14694
15,White,FFFFFF,2016,15505
15,White,FFFFFF,2017,21519
15,White,FFFFFF,2018,20543
15,White,FFFFFF,2019,23975
15,White,FFFFFF,2020,24008
15,White,FFFFFF,2021,40599
15,White,FFFFFF,2022,30286
15,White,FFFFFF,2023,36526
15,White,FFFFFF,2024,33602
15,White,FFFFFF,2025,35828
17,Light Green,C2DAB8,1992,13
17,Light Green,C2DAB8,1993,16
17,Light Green,C2DAB8,1994,10
17,Light Green,C2DAB8,1995,3
17,Light Green,C2DAB8,1997,50
17,Light Green,C2DAB8,1998,27
17,Light Green,C2DAB8,1999,7
17,Light Green,C2DAB8,2000,1
17,Light Green,C2DAB8,2001,2
17,Light Green,C2DAB8,2002,5
17,Light Green,C2DAB8,2003,9
17,Light Green,C2DAB8,2004,1
17,Light Green,C2DAB8,2005,23
18,Light Yellow,FBE696,1994,23
18,Light Yellow,FBE696,1995,3
18,Light Yellow,FBE696,1996,19
18,Light Yellow,FBE696,1997,43
18,Light Yellow,FBE696,1998,27
18,Light Yellow,FBE696,1999,38
18,Light Yellow,FBE696,2000,31
18,Light Yellow,FBE696,2001,53
18,Light Yellow,FBE696,2002,87
18,Light Yellow,FBE696,2003,16
18,Light Yellow,FBE696,2004,4
18,Light Yellow,FBE696,2005,3
19,Tan,E4CD9E,1982,9
19,Tan,E4CD9E,1986,19
19,Tan,E4CD9E,1988,1
19,Tan,E4CD9E,1992,10
19,Tan,E4CD9E,1994,6
19,Tan,E4CD9E,1995,1
19,Tan,E4CD9E,1996,15
19,Tan,E4CD9E,1997,30
19,Tan,E4CD9E,1998,383
19,Tan,E4CD9E,1999,412
19,Tan,E4CD9E,2000,896
19,Tan,E4CD9E,2001,910
19,Tan,E4CD9E,2002,1316
19,Tan,E4CD9E,2003,2231
19,Tan,E4CD9E,2004,2147
19,Tan,E4CD9E,2005,3136
19,Tan,E4CD9E,2006,1108
19,Tan,E4CD9E,2007,2475
19,Tan,E4CD9E,2008,2808
19,Tan,E4CD9E,2009,3949
19,Tan,E4CD9E,2010,8090
19,Tan,E4CD9E,2011,4247
19,Tan,E4CD9E,2012,4021
19,Tan,E4CD9E,2013,5376
19,Tan,E4CD9E,2014,5894
19,Tan,E4CD9E,2015,5522
19,Tan,E4CD9E,2016,8434
19,Tan,E4CD9E,2017,8736
19,Tan,E4CD9E,2018,13399
19,Tan,E4CD9E,2019,10165
19,Tan,E4CD9E,2020,16894
19,Tan,E4CD9E,2021,16133
19,Tan,E4CD9E,2022,14219
19,Tan,E4CD9E,2023,14972
19,Tan,E4CD9E,2024,18079
19,Tan,E4CD9E,2025,20878
20,Light Violet,C9CAE2,1994,30
20,Light Violet,C9CAE2,1995,23
20,Light Violet,C9CAE2,1996,39
20,Light Violet,C9CAE2,1997,50
20,Light Violet,C9CAE2,1998,18
20,Light Violet,C9CAE2,1999,21
20,Light Violet,C9CAE2,2000,4
20,Light Violet,C9CAE2,2001,5
20,Light Violet,C9CAE2,2002,3
21,Glow In Dark Opaque,D4D5C9,1993,6
21,Glow In Dark Opaque,D4D5C9,1994,2
21,Glow In Dark Opaque,D4D5C9,1995,3
21,Glow In Dark Opaque,D4D5C9,1996,3
21,Glow In Dark Opaque,D4D5C9,1998,5
21,Glow In Dark Opaque,D4D5C9,1999,17
21,Glow In Dark Opaque,D4D5C9,2000,7
21,Glow In Dark Opaque,D4D5C9,2001,4
21,Glow In Dark Opaque,D4D5C9,2002,16
21,Glow In Dark Opaque,D4D5C9,2003,6
21,Glow In Dark Opaque,D4D5C9,2004,118
21,Glow In Dark Opaque,D4D5C9,2005,22
21,Glow In Dark Opaque,D4D5C9,2006,7
22,Purple,81007B,1997,1
22,Purple,81007B,1998,299
22,Purple,81007B,1999,198
22,Purple,81007B,2000,92
22,Purple,81007B,2001,46
22,Purple,81007B,2002,182
22,Purple,81007B,2003,123
22,Purple,81007B,2004,45
22,Purple,81007B,2005,14
23,Dark Blue-Violet,2032B0,2004,5
23,Dark Blue-Violet,2032B0,2005,4
23,Dark Blue-Violet,2032B0,2006,1
25,Orange,FE8A18,1997,6
25,Orange,FE8A18,1998,130
25,Orange,FE8A18,1999,172
25,Orange,FE8A18,2000,351
25,Orange,FE8A18,2001,242
25,Orange,FE8A18,2002,718
25,Orange,FE8A18,2003,1337
25,Orange,FE8A18,2004,1594
25,Orange,FE8A18,2005,1330
25,Orange,FE8A18,2006,846
25,Orange,FE8A18,2007,687
25,Orange,FE8A18,2008,1254
25,Orange,FE8A18,2009,1570
25,Orange,FE8A18,2010,1757
25,Orange,FE8A18,2011,926
25,Orange,FE8A18,2012,1545
25,Orange,FE8A18,2013,1521
25,Orange,FE8A18,2014,1869
25,Orange,FE8A18,2015,1857
25,Orange,FE8A18,2016,1628
25,Orange,FE8A18,2017,2126
25,Orange,FE8A18,2018,3059
25,Orange,FE8A18,2019,2544
25,Orange,FE8A18,2020,3025
25,Orange,FE8A18,2021,4252
25,Orange,FE8A18,2022,4635
25,Orange,FE8A18,2023,3806
25,Orange,FE8A18,2024,4043
25,Orange,FE8A18,2025,4444
26,Magenta,923978,2000,10
26,Magenta,923978,2001,3
26,Magenta,923978,2002,5
26,Magenta,923978,2003,74
26,Magenta,923978,2004,77
26,Magenta,923978,2005,49
26,Magenta,923978,2006,62
26,Magenta,923978,2007,22
26,Magenta,923978,2008,73
26,Magenta,923978,2009,20
26,Magenta,923978,2010,141
26,Magenta,923978,2011,2
26,Magenta,923978,2012,120
26,Magenta,923978,2013,184
26,Magenta,923978,2014,567
26,Magenta,923978,2015,835
26,Magenta,923978,2016,766
26,Magenta,923978,2017,857
26,Magenta,923978,2018,685
26,Magenta,923978,2019,921
26,Magenta,923978,2020,1186
26,Magenta,923978,2021,1404
26,Magenta,923978,2022,1427
26,Magenta,923978,2023,1393
26,Magenta,923978,2024,1465
26,Magenta,923978,2025,1232
27,Lime,BBE90B,1997,12
27,Lime,BBE90B,2000,68
27,Lime,BBE90B,2001,61
27,Lime,BBE90B,2002,197
27,Lime,BBE90B,2003,211
27,Lime,BBE90B,2004,334
27,Lime,BBE90B,2005,445
27,Lime,BBE90B,2006,549
27,Lime,BBE90B,2007,688
27,Lime,BBE90B,2008,778
27,Lime,BBE90B,2009,1882
27,Lime,BBE90B,2010,1966
27,Lime,BBE90B,2011,866
27,Lime,BBE90B,2012,1811
27,Lime,BBE90B,2013,1601
27,Lime,BBE90B,2014,1679
27,Lime,BBE90B,2015,1421
27,Lime,BBE90B,2016,1615
27,Lime,BBE90B,2017,1850
27,Lime,BBE90B,2018,2039
27,Lime,BBE90B,2019,1815
27,Lime,BBE90B,2020,3295
27,Lime,BBE90B,2021,4891
27,Lime,BBE90B,2022,3253
27,Lime,BBE90B,2023,4449
27,Lime,BBE90B,2024,3925
27,Lime,BBE90B,2025,3706
28,Dark Tan,958A73,2000,6
28,Dark Tan,958A73,2001,1
28,Dark Tan,958A73,2002,17
28,Dark Tan,958A73,2003,11
28,Dark Tan,958A73,2004,66
28,Dark Tan,958A73,2005,103
28,Dark Tan,958A73,2006,44
28,Dark Tan,958A73,2007,43
28,Dark Tan,958A73,2008,339
28,Dark Tan,958A73,2009,580
28,Dark Tan,958A73,2010,681
28,Dark Tan,958A73,2011,1377
28,Dark Tan,958A73,2012,1756
28,Dark Tan,958A73,2013,3220
28,Dark Tan,958A73,2014,1416
28,Dark Tan,958A73,2015,2219
28,Dark Tan,958A73,2016,2987
28,Dark Tan,958A73,2017,3531
28,Dark Tan,958A73,2018,4344
28,Dark Tan,958A73,2019,3949
28,Dark Tan,958A73,2020,6535
28,Dark Tan,958A73,2021,4527
28,Dark Tan,958A73,2022,5739
28,Dark Tan,958A73,2023,7442
28,Dark Tan,958A73,2024,9095
28,Dark Tan,958A73,2025,10038
29,Bright Pink,E4ADC8,2003,8
29,Bright Pink,E4ADC8,2004,86
29,Bright Pink,E4ADC8,2005,92
29,Bright Pink,E4ADC8,2006,62
29,Bright Pink,E4ADC8,2007,30
29,Bright Pink,E4ADC8,2008,88
29,Bright Pink,E4ADC8,2009,85
29,Bright Pink,E4ADC8,2010,175
29,Bright Pink,E4ADC8,2011,149
29,Bright Pink,E4ADC8,2012,576
29,Bright Pink,E4ADC8,2013,459
29,Bright Pink,E4ADC8,2014,807
29,Bright Pink,E4ADC8,2015,621
29,Bright Pink,E4ADC8,2016,508
29,Bright Pink,E4ADC8,2017,378
29,Bright Pink,E4ADC8,2018,905
29,Bright Pink,E4ADC8,2019,1143
29,Bright Pink,E4ADC8,2020,2008
29,Bright Pink,E4ADC8,2021,2017
29,Bright Pink,E4ADC8,2022,1573
29,Bright Pink,E4ADC8,2023,1693
29,Bright Pink,E4ADC8,2024,2483
29,Bright Pink,E4ADC8,2025,2742
30,Medium Lavender,AC78BA,2011,6
30,Medium Lavender,AC78BA,2012,255
30,Medium Lavender,AC78BA,2013,164
30,Medium Lavender,AC78BA,2014,374
30,Medium Lavender,AC78BA,2015,698
30,Medium Lavender,AC78BA,2016,460
30,Medium Lavender,AC78BA,2017,377
30,Medium Lavender,AC78BA,2018,522
30,Medium Lavender,AC78BA,2019,391
30,Medium Lavender,AC78BA,2020,544
30,Medium Lavender,AC78BA,2021,1133
30,Medium Lavender,AC78BA,2022,682
30,Medium Lavender,AC78BA,2023,885
30,Medium Lavender,AC78BA,2024,1513
30,Medium Lavender,AC78BA,2025,1249
31,Lavender,E1D5ED,2011,1
31,Lavender,E1D5ED,2012,25
31,Lavender,E1D5ED,2013,29
31,Lavender,E1D5ED,2014,52
31,Lavender,E1D5ED,2015,331
31,Lavender,E1D5ED,2016,406
31,Lavender,E1D5ED,2017,269
31,Lavender,E1D5ED,2018,318
31,Lavender,E1D5ED,2019,263
31,Lavender,E1D5ED,2020,777
31,Lavender,E1D5ED,2021,1163
31,Lavender,E1D5ED,2022,1126
31,Lavender,E1D5ED,2023,1230
31,Lavender,E1D5ED,2024,981
31,Lavender,E1D5ED,2025,1314
33,Trans-Dark Blue,0020A0,1965,1
33,Trans-Dark Blue,0020A0,1978,20
33,Trans-Dark Blue,0020A0,1979,46
33,Trans-Dark Blue,0020A0,1980,18
33,Trans-Dark Blue,0020A0,1981,45
33,Trans-Dark Blue,0020A0,1982,8
33,Trans-Dark Blue,0020A0,1983,33
33,Trans-Dark Blue,0020A0,1984,8
33,Trans-Dark Blue,0020A0,1985,48
33,Trans-Dark Blue,0020A0,1986,38
33,Trans-Dark Blue,0020A0,1987,61
33,Trans-Dark Blue,0020A0,1988,92
33,Trans-Dark Blue,0020A0,1989,38
33,Trans-Dark Blue,0020A0,1990,64
33,Trans-Dark Blue,0020A0,1991,92
33,Trans-Dark Blue,0020A0,1992,97
33,Trans-Dark Blue,0020A0,1993,52
33,Trans-Dark Blue,0020A0,1994,176
33,Trans-Dark Blue,0020A0,1995,114
33,Trans-Dark Blue,0020A0,1996,103
33,Trans-Dark Blue,0020A0,1997,52
33,Trans-Dark Blue,0020A0,1998,132
33,Trans-Dark Blue,0020A0,1999,176
33,Trans-Dark Blue,0020A0,2000,121
33,Trans-Dark Blue,0020A0,2001,104
33,Trans-Dark Blue,0020A0,2002,145
33,Trans-Dark Blue,0020A0,2003,436
33,Trans-Dark Blue,0020A0,2004,598
33,Trans-Dark Blue,0020A0,2005,749
33,Trans-Dark Blue,0020A0,2006,385
33,Trans-Dark Blue,0020A0,2007,704
33,Trans-Dark Blue,0020A0,2008,420
33,Trans-Dark Blue,0020A0,2009,395
33,Trans-Dark Blue,0020A0,2010,365
33,Trans-Dark Blue,0020A0,2011,421
33,Trans-Dark Blue,0020A0,2012,338
33,Trans-Dark Blue,0020A0,2013,691
33,Trans-Dark Blue,0020A0,2014,488
33,Trans-Dark Blue,0020A0,2015,499
33,Trans-Dark Blue,0020A0,2016,578
33,Trans-Dark Blue,0020A0,2017,421
33,Trans-Dark Blue,0020A0,2018,327
33,Trans-Dark Blue,0020A0,2019,434
33,Trans-Dark Blue,0020A0,2020,376
33,Trans-Dark Blue,0020A0,2021,346
33,Trans-Dark Blue,0020A0,2022,394
33,Trans-Dark Blue,0020A0,2023,399
33,Trans-Dark Blue,0020A0,2024,400
33,Trans-Dark Blue,0020A0,2025,220
34,Trans-Green,84B68D,1969,4
34,Trans-Green,84B68D,1978,11
34,Trans-Green,84B68D,1979,51
34,Trans-Green,84B68D,1980,25
34,Trans-Green,84B68D,1981,24
34,Trans-Green,84B68D,1982,13
34,Trans-Green,84B68D,1983,23
34,Trans-Green,84B68D,1984,36
34,Trans-Green,84B68D,1985,43
34,Trans-Green,84B68D,1986,61
34,Trans-Green,84B68D,1987,37
34,Trans-Green,84B68D,1988,18
34,Trans-Green,84B68D,1989,15
34,Trans-Green,84B68D,1990,30
34,Trans-Green,84B68D,1991,43
34,Trans-Green,84B68D,1992,69
34,Trans-Green,84B68D,1993,61
34,Trans-Green,84B68D,1994,28
34,Trans-Green,84B68D,1995,28
34,Trans-Green,84B68D,1996,65
34,Trans-Green,84B68D,1997,73
34,Trans-Green,84B68D,1998,192
34,Trans-Green,84B68D,1999,92
34,Trans-Green,84B68D,2000,84
34,Trans-Green,84B68D,2001,86
34,Trans-Green,84B68D,2002,117
34,Trans-Green,84B68D,2003,212
34,Trans-Green,84B68D,2004,317
34,Trans-Green,84B68D,2005,98
34,Trans-Green,84B68D,2006,72
34,Trans-Green,84B68D,2007,197
34,Trans-Green,84B68D,2008,183
34,Trans-Green,84B68D,2009,227
34,Trans-Green,84B68D,2010,241
34,Trans-Green,84B68D,2011,181
34,Trans-Green,84B68D,2012,248
34,Trans-Green,84B68D,2013,186
34,Trans-Green,84B68D,2014,242
34,Trans-Green,84B68D,2015,265
34,Trans-Green,84B68D,2016,380
34,Trans-Green,84B68D,2017,260
34,Trans-Green,84B68D,2018,350
34,Trans-Green,84B68D,2019,262
34,Trans-Green,84B68D,2020,226
34,Trans-Green,84B68D,2021,224
34,Trans-Green,84B68D,2022,494
34,Trans-Green,84B68D,2023,165
34,Trans-Green,84B68D,2024,265
34,Trans-Green,84B68D,2025,210
35,Trans-Bright Green,D9E4A7,2010,60
35,Trans-Bright Green,D9E4A7,2011,10
35,Trans-Bright Green,D9E4A7,2012,79
35,Trans-Bright Green,D9E4A7,2013,70
35,Trans-Bright Green,D9E4A7,2014,226
35,Trans-Bright Green,D9E4A7,2015,312
35,Trans-Bright Green,D9E4A7,2016,315
35,Trans-Bright Green,D9E4A7,2017,242
35,Trans-Bright Green,D9E4A7,2018,331
35,Trans-Bright Green,D9E4A7,2019,206
35,Trans-Bright Green,D9E4A7,2020,231
35,Trans-Bright Green,D9E4A7,2021,193
35,Trans-Bright Green,D9E4A7,2022,261
35,Trans-Bright Green,D9E4A7,2023,300
35,Trans-Bright Green,D9E4A7,2024,566
35,Trans-Bright Green,D9E4A7,2025,494
36,Trans-Red,C91A09,1969,4
36,Trans-Red,C91A09,1976,4
36,Trans-Red,C91A09,1978,11
36,Trans-Red,C91A09,1979,110
36,Trans-Red,C91A09,1980,84
36,Trans-Red,C91A09,1981,113
36,Trans-Red,C91A09,1982,50
36,Trans-Red,C91A09,1983,99
36,Trans-Red,C91A09,1984,180
36,Trans-Red,C91A09,1985,270
36,Trans-Red,C91A09,1986,277
36,Trans-Red,C91A09,1987,236
36,Trans-Red,C91A09,1988,274
36,Trans-Red,C91A09,1989,223
36,Trans-Red,C91A09,1990,153
36,Trans-Red,C91A09,1991,205
36,Trans-Red,C91A09,1992,101
36,Trans-Red,C91A09,1993,156
36,Trans-Red,C91A09,1994,131
36,Trans-Red,C91A09,1995,144
36,Trans-Red,C91A09,1996,186
36,Trans-Red,C91A09,1997,126
36,Trans-Red,C91A09,1998,217
36,Trans-Red,C91A09,1999,244
36,Trans-Red,C91A09,2000,190
36,Trans-Red,C91A09,2001,258
36,Trans-Red,C91A09,2002,282
36,Trans-Red,C91A09,2003,487
36,Trans-Red,C91A09,2004,636
36,Trans-Red,C91A09,2005,365
36,Trans-Red,C91A09,2006,618
36,Trans-Red,C91A09,2007,588
36,Trans-Red,C91A09,2008,820
36,Trans-Red,C91A09,2009,707
36,Trans-Red,C91A09,2010,979
36,Trans-Red,C91A09,2011,682
36,Trans-Red,C91A09,2012,730
36,Trans-Red,C91A09,2013,922
36,Trans-Red,C91A09,2014,1432
36,Trans-Red,C91A09,2015,1275
36,Trans-Red,C91A09,2016,1145
36,Trans-Red,C91A09,2017,1350
36,Trans-Red,C91A09,2018,1185
36,Trans-Red,C91A09,2019,995
36,Trans-Red,C91A09,2020,996
36,Trans-Red,C91A09,2021,897
36,Trans-Red,C91A09,2022,927
36,Trans-Red,C91A09,2023,858
36,Trans-Red,C91A09,2024,1174
36,Trans-Red,C91A09,2025,958
40,Trans-Brown,635F52,1999,7
40,Trans-Brown,635F52,2000,16
40,Trans-Brown,635F52,2001,38
40,Trans-Brown,635F52,2002,79
40,Trans-Brown,635F52,2003,264
40,Trans-Brown,635F52,2004,264
40,Trans-Brown,635F52,2005,255
40,Trans-Brown,635F52,2006,534
40,Trans-Brown,635F52,2007,255
40,Trans-Brown,635F52,2008,310
40,Trans-Brown,635F52,2009,232
40,Trans-Brown,635F52,2010,370
40,Trans-Brown,635F52,2011,200
40,Trans-Brown,635F52,2012,388
40,Trans-Brown,635F52,2013,759
40,Trans-Brown,635F52,2014,396
40,Trans-Brown,635F52,2015,621
40,Trans-Brown,635F52,2016,926
40,Trans-Brown,635F52,2017,476
40,Trans-Brown,635F52,2018,490
40,Trans-Brown,635F52,2019,487
40,Trans-Brown,635F52,2020,704
40,Trans-Brown,635F52,2021,528
40,Trans-Brown,635F52,2022,656
40,Trans-Brown,635F52,2023,306
40,Trans-Brown,635F52,2024,132
40,Trans-Brown,635F52,2025,21
41,Trans-Light Blue,AEEFEC,1985,62
41,Trans-Light Blue,AEEFEC,1986,26
41,Trans-Light Blue,AEEFEC,1987,36
41,Trans-Light Blue,AEEFEC,1988,35
41,Trans-Light Blue,AEEFEC,1989,52
41,Trans-Light Blue,AEEFEC,1990,177
41,Trans-Light Blue,AEEFEC,1991,189
41,Trans-Light Blue,AEEFEC,1992,83
41,Trans-Light Blue,AEEFEC,1993,100
41,Trans-Light Blue,AEEFEC,1994,131
41,Trans-Light Blue,AEEFEC,1995,56
41,Trans-Light Blue,AEEFEC,1996,165
41,Trans-Light Blue,AEEFEC,1997,84
41,Trans-Light Blue,AEEFEC,1998,87
41,Trans-Light Blue,AEEFEC,1999,207
41,Trans-Light Blue,AEEFEC,2000,169
41,Trans-Light Blue,AEEFEC,2001,150
41,Trans-Light Blue,AEEFEC,2002,209
41,Trans-Light Blue,AEEFEC,2003,204
41,Trans-Light Blue,AEEFEC,2004,459
41,Trans-Light Blue,AEEFEC,2005,191
41,Trans-Light Blue,AEEFEC,2006,164
41,Trans-Light Blue,AEEFEC,2007,273
41,Trans-Light Blue,AEEFEC,2008,288
41,Trans-Light Blue,AEEFEC,2009,180
41,Trans-Light Blue,AEEFEC,2010,375
41,Trans-Light Blue,AEEFEC,2011,380
41,Trans-Light Blue,AEEFEC,2012,522
41,Trans-Light Blue,AEEFEC,2013,1545
41,Trans-Light Blue,AEEFEC,2014,1878
41,Trans-Light Blue,AEEFEC,2015,2742
41,Trans-Light Blue,AEEFEC,2016,1348
41,Trans-Light Blue,AEEFEC,2017,2084
41,Trans-Light Blue,AEEFEC,2018,1917
41,Trans-Light Blue,AEEFEC,2019,2377
41,Trans-Light Blue,AEEFEC,2020,2024
41,Trans-Light Blue,AEEFEC,2021,3180
41,Trans-Light Blue,AEEFEC,2022,2523
41,Trans-Light Blue,AEEFEC,2023,3329
41,Trans-Light Blue,AEEFEC,2024,2015
41,Trans-Light Blue,AEEFEC,2025,2405
42,Trans-Neon Green,F8F184,1990,112
42,Trans-Neon Green,F8F184,1991,218
42,Trans-Neon Green,F8F184,1992,10
42,Trans-Neon Green,F8F184,1993,34
42,Trans-Neon Green,F8F184,1994,86
42,Trans-Neon Green,F8F184,1995,97
42,Trans-Neon Green,F8F184,1996,187
42,Trans-Neon Green,F8F184,1997,367
42,Trans-Neon Green,F8F184,1998,434
42,Trans-Neon Green,F8F184,1999,257
42,Trans-Neon Green,F8F184,2000,218
42,Trans-Neon Green,F8F184,2001,309
42,Trans-Neon Green,F8F184,2002,271
42,Trans-Neon Green,F8F184,2003,249
42,Trans-Neon Green,F8F184,2004,222
42,Trans-Neon Green,F8F184,2005,154
42,Trans-Neon Green,F8F184,2006,440
42,Trans-Neon Green,F8F184,2007,298
42,Trans-Neon Green,F8F184,2008,481
42,Trans-Neon Green,F8F184,2009,158
42,Trans-Neon Green,F8F184,2010,62
42,Trans-Neon Green,F8F184,2011,144
42,Trans-Neon Green,F8F184,2012,288
42,Trans-Neon Green,F8F184,2013,259
42,Trans-Neon Green,F8F184,2014,204
42,Trans-Neon Green,F8F184,2015,438
42,Trans-Neon Green,F8F184,2016,463
42,Trans-Neon Green,F8F184,2017,113
42,Trans-Neon Green,F8F184,2018,175
42,Trans-Neon Green,F8F184,2019,180
42,Trans-Neon Green,F8F184,2020,472
42,Trans-Neon Green,F8F184,2021,234
42,Trans-Neon Green,F8F184,2022,173
42,Trans-Neon Green,F8F184,2023,8
42,Trans-Neon Green,F8F184,2024,2
43,Trans-Very Lt Blue,C1DFF0,2003,94
43,Trans-Very Lt Blue,C1DFF0,2004,77
43,Trans-Very Lt Blue,C1DFF0,2005,48
43,Trans-Very Lt Blue,C1DFF0,2006,13
45,Trans-Dark Pink,DF6695,1998,1
45,Trans-Dark Pink,DF6695,1999,7
45,Trans-Dark Pink,DF6695,2000,30
45,Trans-Dark Pink,DF6695,2001,48
45,Trans-Dark Pink,DF6695,2002,74
45,Trans-Dark Pink,DF6695,2003,437
45,Trans-Dark Pink,DF6695,2004,476
45,Trans-Dark Pink,DF6695,2005,246
45,Trans-Dark Pink,DF6695,2006,107
45,Trans-Dark Pink,DF6695,2007,98
45,Trans-Dark Pink,DF6695,2008,28
45,Trans-Dark Pink,DF6695,2009,21
45,Trans-Dark Pink,DF6695,2010,110
45,Trans-Dark Pink,DF6695,2011,7
45,Trans-Dark Pink,DF6695,2012,56
45,Trans-Dark Pink,DF6695,2013,123
45,Trans-Dark Pink,DF6695,2014,88
45,Trans-Dark Pink,DF6695,2015,281
45,Trans-Dark Pink,DF6695,2016,387
45,Trans-Dark Pink,DF6695,2017,289
45,Trans-Dark Pink,DF6695,2018,375
45,Trans-Dark Pink,DF6695,2019,386
45,Trans-Dark Pink,DF6695,2020,291
45,Trans-Dark Pink,DF6695,2021,393
45,Trans-Dark Pink,DF6695,2022,628
45,Trans-Dark Pink,DF6695,2023,272
45,Trans-Dark Pink,DF6695,2024,470
45,Trans-Dark Pink,DF6695,2025,541
46,Trans-Yellow,F5CD2F,1969,4
46,Trans-Yellow,F5CD2F,1978,4
46,Trans-Yellow,F5CD2F,1979,131
46,Trans-Yellow,F5CD2F,1980,96
46,Trans-Yellow,F5CD2F,1981,61
46,Trans-Yellow,F5CD2F,1982,43
46,Trans-Yellow,F5CD2F,1983,46
46,Trans-Yellow,F5CD2F,1984,125
46,Trans-Yellow,F5CD2F,1985,137
46,Trans-Yellow,F5CD2F,1986,171
46,Trans-Yellow,F5CD2F,1987,103
46,Trans-Yellow,F5CD2F,1988,76
46,Trans-Yellow,F5CD2F,1989,149
46,Trans-Yellow,F5CD2F,1990,153
46,Trans-Yellow,F5CD2F,1991,222
46,Trans-Yellow,F5CD2F,1992,180
46,Trans-Yellow,F5CD2F,1993,159
46,Trans-Yellow,F5CD2F,1994,131
46,Trans-Yellow,F5CD2F,1995,152
46,Trans-Yellow,F5CD2F,1996,217
46,Trans-Yellow,F5CD2F,1997,93
46,Trans-Yellow,F5CD2F,1998,160
46,Trans-Yellow,F5CD2F,1999,198
46,Trans-Yellow,F5CD2F,2000,108
46,Trans-Yellow,F5CD2F,2001,62
46,Trans-Yellow,F5CD2F,2002,124
46,Trans-Yellow,F5CD2F,2003,277
46,Trans-Yellow,F5CD2F,2004,201
46,Trans-Yellow,F5CD2F,2005,206
46,Trans-Yellow,F5CD2F,2006,373
46,Trans-Yellow,F5CD2F,2007,413
46,Trans-Yellow,F5CD2F,2008,344
46,Trans-Yellow,F5CD2F,2009,414
46,Trans-Yellow,F5CD2F,2010,474
46,Trans-Yellow,F5CD2F,2011,453
46,Trans-Yellow,F5CD2F,2012,389
46,Trans-Yellow,F5CD2F,2013,596
46,Trans-Yellow,F5CD2F,2014,759
46,Trans-Yellow,F5CD2F,2015,707
46,Trans-Yellow,F5CD2F,2016,679
46,Trans-Yellow,F5CD2F,2017,993
46,Trans-Yellow,F5CD2F,2018,926
46,Trans-Yellow,F5CD2F,2019,540
46,Trans-Yellow,F5CD2F,2020,748
46,Trans-Yellow,F5CD2F,2021,581
46,Trans-Yellow,F5CD2F,2022,664
46,Trans-Yellow,F5CD2F,2023,821
46,Trans-Yellow,F5CD2F,2024,885
46,Trans-Yellow,F5CD2F,2025,784
47,Trans-Clear,FCFCFC,1954,2
47,Trans-Clear,FCFCFC,1955,43
47,Trans-Clear,FCFCFC,1956,19
47,Trans-Clear,FCFCFC,1957,61
47,Trans-Clear,FCFCFC,1958,218
47,Trans-Clear,FCFCFC,1960,26
47,Trans-Clear,FCFCFC,1961,315
47,Trans-Clear,FCFCFC,1962,503
47,Trans-Clear,FCFCFC,1963,57
47,Trans-Clear,FCFCFC,1964,69
47,Trans-Clear,FCFCFC,1965,108
47,Trans-Clear,FCFCFC,1966,416
47,Trans-Clear,FCFCFC,1967,147
47,Trans-Clear,FCFCFC,1968,244
47,Trans-Clear,FCFCFC,1969,454
47,Trans-Clear,FCFCFC,1970,193
47,Trans-Clear,FCFCFC,1971,186
47,Trans-Clear,FCFCFC,1972,97
47,Trans-Clear,FCFCFC,1973,239
47,Trans-Clear,FCFCFC,1974,160
47,Trans-Clear,FCFCFC,1975,165
47,Trans-Clear,FCFCFC,1976,284
47,Trans-Clear,FCFCFC,1977,422
47,Trans-Clear,FCFCFC,1978,244
47,Trans-Clear,FCFCFC,1979,109
47,Trans-Clear,FCFCFC,1980,231
47,Trans-Clear,FCFCFC,1981,159
47,Trans-Clear,FCFCFC,1982,54
47,Trans-Clear,FCFCFC,1983,141
47,Trans-Clear,FCFCFC,1984,92
47,Trans-Clear,FCFCFC,1985,491
47,Trans-Clear,FCFCFC,1986,162
47,Trans-Clear,FCFCFC,1987,208
47,Trans-Clear,FCFCFC,1988,72
47,Trans-Clear,FCFCFC,1989,119
47,Trans-Clear,FCFCFC,1990,177
47,Trans-Clear,FCFCFC,1991,327
47,Trans-Clear,FCFCFC,1992,127
47,Trans-Clear,FCFCFC,1993,193
47,Trans-Clear,FCFCFC,1994,108
47,Trans-Clear,FCFCFC,1995,85
47,Trans-Clear,FCFCFC,1996,173
47,Trans-Clear,FCFCFC,1997,169
47,Trans-Clear,FCFCFC,1998,214
47,Trans-Clear,FCFCFC,1999,163
47,Trans-Clear,FCFCFC,2000,295
47,Trans-Clear,FCFCFC,2001,239
47,Trans-Clear,FCFCFC,2002,325
47,Trans-Clear,FCFCFC,2003,420
47,Trans-Clear,FCFCFC,2004,573
47,Trans-Clear,FCFCFC,2005,463
47,Trans-Clear,FCFCFC,2006,672
47,Trans-Clear,FCFCFC,2007,611
47,Trans-Clear,FCFCFC,2008,1072
47,Trans-Clear,FCFCFC,2009,1148
47,Trans-Clear,FCFCFC,2010,1369
47,Trans-Clear,FCFCFC,2011,1383
47,Trans-Clear,FCFCFC,2012,1300
47,Trans-Clear,FCFCFC,2013,1298
47,Trans-Clear,FCFCFC,2014,1661
47,Trans-Clear,FCFCFC,2015,2144
47,Trans-Clear,FCFCFC,2016,2277
47,Trans-Clear,FCFCFC,2017,2640
47,Trans-Clear,FCFCFC,2018,2714
47,Trans-Clear,FCFCFC,2019,2300
47,Trans-Clear,FCFCFC,2020,2462
47,Trans-Clear,FCFCFC,2021,3740
47,Trans-Clear,FCFCFC,2022,2708
47,Trans-Clear,FCFCFC,2023,2884
47,Trans-Clear,FCFCFC,2024,3528
47,Trans-Clear,FCFCFC,2025,4095
52,Trans-Purple,A5A5CB,2000,14
52,Trans-Purple,A5A5CB,2001,9
52,Trans-Purple,A5A5CB,2002,22
52,Trans-Purple,A5A5CB,2003,10
52,Trans-Purple,A5A5CB,2004,28
52,Trans-Purple,A5A5CB,2005,36
52,Trans-Purple,A5A5CB,2006,19
52,Trans-Purple,A5A5CB,2007,4
52,Trans-Purple,A5A5CB,2008,4
52,Trans-Purple,A5A5CB,2009,34
52,Trans-Purple,A5A5CB,2010,82
52,Trans-Purple,A5A5CB,2011,12
52,Trans-Purple,A5A5CB,2012,37
52,Trans-Purple,A5A5CB,2013,106
52,Trans-Purple,A5A5CB,2014,21
52,Trans-Purple,A5A5CB,2015,160
52,Trans-Purple,A5A5CB,2016,160
52,Trans-Purple,A5A5CB,2017,263
52,Trans-Purple,A5A5CB,2018,276
52,Trans-Purple,A5A5CB,2019,177
52,Trans-Purple,A5A5CB,2020,137
52,Trans-Purple,A5A5CB,2021,178
52,Trans-Purple,A5A5CB,2022,396
52,Trans-Purple,A5A5CB,2023,145
52,Trans-Purple,A5A5CB,2024,748
52,Trans-Purple,A5A5CB,2025,152
54,Trans-Neon Yellow,DAB000,2001,10
54,Trans-Neon Yellow,DAB000,2002,2
54,Trans-Neon Yellow,DAB000,2003,63
54,Trans-Neon Yellow,DAB000,2004,91
54,Trans-Neon Yellow,DAB000,2005,22
57,Trans-Neon Orange,FF800D,1993,167
57,Trans-Neon Orange,FF800D,1994,22
57,Trans-Neon Orange,FF800D,1995,80
57,Trans-Neon Orange,FF800D,1996,164
57,Trans-Neon Orange,FF800D,1997,141
57,Trans-Neon Orange,FF800D,1998,92
57,Trans-Neon Orange,FF800D,1999,174
57,Trans-Neon Orange,FF800D,2000,209
57,Trans-Neon Orange,FF800D,2001,283
57,Trans-Neon Orange,FF800D,2002,208
57,Trans-Neon Orange,FF800D,2003,277
57,Trans-Neon Orange,FF800D,2004,286
57,Trans-Neon Orange,FF800D,2005,326
57,Trans-Neon Orange,FF800D,2006,262
57,Trans-Neon Orange,FF800D,2007,160
57,Trans-Neon Orange,FF800D,2008,232
57,Trans-Neon Orange,FF800D,2009,233
57,Trans-Neon Orange,FF800D,2010,251
57,Trans-Neon Orange,FF800D,2011,217
57,Trans-Neon Orange,FF800D,2012,202
57,Trans-Neon Orange,FF800D,2013,106
57,Trans-Neon Orange,FF800D,2014,256
57,Trans-Neon Orange,FF800D,2015,163
57,Trans-Neon Orange,FF800D,2016,736
57,Trans-Neon Orange,FF800D,2017,524
57,Trans-Neon Orange,FF800D,2018,328
57,Trans-Neon Orange,FF800D,2019,72
57,Trans-Neon Orange,FF800D,2020,449
57,Trans-Neon Orange,FF800D,2021,14
57,Trans-Neon Orange,FF800D,2022,18
57,Trans-Neon Orange,FF800D,2023,1
57,Trans-Neon Orange,FF800D,2024,1
60,Chrome Antique Brass,645A4C,2001,8
60,Chrome Antique Brass,645A4C,2002,6
60,Chrome Antique Brass,645A4C,2003,4
60,Chrome Antique Brass,645A4C,2004,6
60,Chrome Antique Brass,645A4C,2005,18
61,Chrome Blue,6C96BF,1998,1
61,Chrome Blue,6C96BF,2001,2
61,Chrome Blue,6C96BF,2006,1
62,Chrome Green,3CB371,1999,2
63,Chrome Pink,AA4D8E,2001,1
63,Chrome Pink,AA4D8E,2006,3
63,Chrome Pink,AA4D8E,2007,2
63,Chrome Pink,AA4D8E,2018,1
64,Chrome Black,1B2A34,2008,2
64,Chrome Black,1B2A34,2009,1
64,Chrome Black,1B2A34,2020,1
68,Very Light Orange,F3CF9B,2000,15
68,Very Light Orange,F3CF9B,2002,1
69,Light Purple,CD6298,2003,3
69,Light Purple,CD6298,2004,38
69,Light Purple,CD6298,2005,47
69,Light Purple,CD6298,2006,6
70,Reddish Brown,582A12,2003,29
70,Reddish Brown,582A12,2004,1228
70,Reddish Brown,582A12,2005,4006
70,Reddish Brown,582A12,2006,1883
70,Reddish Brown,582A12,2007,1839
70,Reddish Brown,582A12,2008,2393
70,Reddish Brown,582A12,2009,3894
70,Reddish Brown,582A12,2010,3938
70,Reddish Brown,582A12,2011,4908
70,Reddish Brown,582A12,2012,5320
70,Reddish Brown,582A12,2013,5553
70,Reddish Brown,582A12,2014,6939
70,Reddish Brown,582A12,2015,5216
70,Reddish Brown,582A12,2016,6554
70,Reddish Brown,582A12,2017,8060
70,Reddish Brown,582A12,2018,9648
70,Reddish Brown,582A12,2019,11825
70,Reddish Brown,582A12,2020,11454
70,Reddish Brown,582A12,2021,14024
70,Reddish Brown,582A12,2022,11756
70,Reddish Brown,582A12,2023,14795
70,Reddish Brown,582A12,2024,20645
70,Reddish Brown,582A12,2025,23808
71,Light Bluish Gray,A0A5A9,2002,1715
71,Light Bluish Gray,A0A5A9,2003,2076
71,Light Bluish Gray,A0A5A9,2004,8159
71,Light Bluish Gray,A0A5A9,2005,10218
71,Light Bluish Gray,A0A5A9,2006,13567
71,Light Bluish Gray,A0A5A9,2007,16366
71,Light Bluish Gray,A0A5A9,2008,16615
71,Light Bluish Gray,A0A5A9,2009,14347
71,Light Bluish Gray,A0A5A9,2010,16553
71,Light Bluish Gray,A0A5A9,2011,17057
71,Light Bluish Gray,A0A5A9,2012,19306
71,Light Bluish Gray,A0A5A9,2013,18310
71,Light Bluish Gray,A0A5A9,2014,24057
71,Light Bluish Gray,A0A5A9,2015,25294
71,Light Bluish Gray,A0A5A9,2016,27182
71,Light Bluish Gray,A0A5A9,2017,36867
71,Light Bluish Gray,A0A5A9,2018,30126
71,Light Bluish Gray,A0A5A9,2019,34094
71,Light Bluish Gray,A0A5A9,2020,30667
71,Light Bluish Gray,A0A5A9,2021,38803
71,Light Bluish Gray,A0A5A9,2022,34083
71,Light Bluish Gray,A0A5A9,2023,35835
71,Light Bluish Gray,A0A5A9,2024,37939
71,Light Bluish Gray,A0A5A9,2025,43968
72,Dark Bluish Gray,6C6E68,1999,1
72,Dark Bluish Gray,6C6E68,2002,542
72,Dark Bluish Gray,6C6E68,2003,1781
72,Dark Bluish Gray,6C6E68,2004,5310
72,Dark Bluish Gray,6C6E68,2005,9984
72,Dark Bluish Gray,6C6E68,2006,10260
72,Dark Bluish Gray,6C6E68,2007,15475
72,Dark Bluish Gray,6C6E68,2008,12784
72,Dark Bluish Gray,6C6E68,2009,10263
72,Dark Bluish Gray,6C6E68,2010,12364
72,Dark Bluish Gray,6C6E68,2011,11801
72,Dark Bluish Gray,6C6E68,2012,12688
72,Dark Bluish Gray,6C6E68,2013,12800
72,Dark Bluish Gray,6C6E68,2014,15738
72,Dark Bluish Gray,6C6E68,2015,18467
72,Dark Bluish Gray,6C6E68,2016,19850
72,Dark Bluish Gray,6C6E68,2017,23530
72,Dark Bluish Gray,6C6E68,2018,18205
72,Dark Bluish Gray,6C6E68,2019,22702
72,Dark Bluish Gray,6C6E68,2020,19691
72,Dark Bluish Gray,6C6E68,2021,22971
72,Dark Bluish Gray,6C6E68,2022,28343
72,Dark Bluish Gray,6C6E68,2023,26754
72,Dark Bluish Gray,6C6E68,2024,30374
72,Dark Bluish Gray,6C6E68,2025,29779
73,Medium Blue,5A93DB,1997,23
73,Medium Blue,5A93DB,1998,16
73,Medium Blue,5A93DB,1999,31
73,Medium Blue,5A93DB,2000,54
73,Medium Blue,5A93DB,2001,114
73,Medium Blue,5A93DB,2002,252
73,Medium Blue,5A93DB,2003,262
73,Medium Blue,5A93DB,2004,587
73,Medium Blue,5A93DB,2005,756
73,Medium Blue,5A93DB,2006,220
73,Medium Blue,5A93DB,2007,714
73,Medium Blue,5A93DB,2008,693
73,Medium Blue,5A93DB,2009,518
73,Medium Blue,5A93DB,2010,1271
73,Medium Blue,5A93DB,2011,494
73,Medium Blue,5A93DB,2012,1065
73,Medium Blue,5A93DB,2013,519
73,Medium Blue,5A93DB,2014,618
73,Medium Blue,5A93DB,2015,801
73,Medium Blue,5A93DB,2016,414
73,Medium Blue,5A93DB,2017,1143
73,Medium Blue,5A93DB,2018,667
73,Medium Blue,5A93DB,2019,322
73,Medium Blue,5A93DB,2020,522
73,Medium Blue,5A93DB,2021,220
73,Medium Blue,5A93DB,2022,1252
73,Medium Blue,5A93DB,2023,223
73,Medium Blue,5A93DB,2024,265
73,Medium Blue,5A93DB,2025,127
74,Medium Green,73DCA1,1994,81
74,Medium Green,73DCA1,1995,54
74,Medium Green,73DCA1,1996,41
74,Medium Green,73DCA1,1997,88
74,Medium Green,73DCA1,1998,43
74,Medium Green,73DCA1,1999,7
74,Medium Green,73DCA1,2000,29
74,Medium Green,73DCA1,2001,13
74,Medium Green,73DCA1,2002,7
74,Medium Green,73DCA1,2003,81
74,Medium Green,73DCA1,2004,117
74,Medium Green,73DCA1,2005,9
75,Speckle Black-Copper,05131D,2006,6
76,Speckle DBGray-Silver,6C6E68,2006,8
77,Light Pink,FECCCF,1991,9
77,Light Pink,FECCCF,1992,125
77,Light Pink,FECCCF,1993,93
78,Light Nougat,F6D7B3,2004,3
78,Light Nougat,F6D7B3,2005,10
78,Light Nougat,F6D7B3,2008,1
78,Light Nougat,F6D7B3,2010,4
78,Light Nougat,F6D7B3,2011,1
78,Light Nougat,F6D7B3,2012,4
78,Light Nougat,F6D7B3,2013,21
78,Light Nougat,F6D7B3,2014,12
78,Light Nougat,F6D7B3,2015,9
78,Light Nougat,F6D7B3,2016,6
78,Light Nougat,F6D7B3,2017,10
78,Light Nougat,F6D7B3,2018,4
78,Light Nougat,F6D7B3,2020,17
78,Light Nougat,F6D7B3,2021,362
78,Light Nougat,F6D7B3,2022,1175
78,Light Nougat,F6D7B3,2023,1199
78,Light Nougat,F6D7B3,2024,580
78,Light Nougat,F6D7B3,2025,1539
79,Milky White,FFFFFF,1963,10
79,Milky White,FFFFFF,1964,3
79,Milky White,FFFFFF,1965,1
79,Milky White,FFFFFF,1966,11
79,Milky White,FFFFFF,1967,1
79,Milky White,FFFFFF,1968,4
79,Milky White,FFFFFF,1969,6
79,Milky White,FFFFFF,1970,33
79,Milky White,FFFFFF,1972,18
79,Milky White,FFFFFF,1973,2
79,Milky White,FFFFFF,1974,29
79,Milky White,FFFFFF,1975,10
79,Milky White,FFFFFF,1976,41
79,Milky White,FFFFFF,1977,19
79,Milky White,FFFFFF,1978,5
79,Milky White,FFFFFF,1981,2
79,Milky White,FFFFFF,1982,1
79,Milky White,FFFFFF,1985,3
79,Milky White,FFFFFF,1987,5
79,Milky White,FFFFFF,1989,2
79,Milky White,FFFFFF,1992,16
79,Milky White,FFFFFF,1997,6
79,Milky White,FFFFFF,1998,6
79,Milky White,FFFFFF,1999,2
79,Milky White,FFFFFF,2001,1
79,Milky White,FFFFFF,2003,20
79,Milky White,FFFFFF,2007,2
79,Milky White,FFFFFF,2008,7
80,Metallic Silver,A5A9B4,1998,16
80,Metallic Silver,A5A9B4,1999,18
80,Metallic Silver,A5A9B4,2000,46
80,Metallic Silver,A5A9B4,2001,9
80,Metallic Silver,A5A9B4,2002,10
80,Metallic Silver,A5A9B4,2003,13
80,Metallic Silver,A5A9B4,2004,11
80,Metallic Silver,A5A9B4,2005,65
80,Metallic Silver,A5A9B4,2006,222
80,Metallic Silver,A5A9B4,2007,100
80,Metallic Silver,A5A9B4,2008,328
80,Metallic Silver,A5A9B4,2009,154
80,Metallic Silver,A5A9B4,2010,132
80,Metallic Silver,A5A9B4,2011,164
80,Metallic Silver,A5A9B4,2012,217
80,Metallic Silver,A5A9B4,2013,223
80,Metallic Silver,A5A9B4,2014,173
80,Metallic Silver,A5A9B4,2015,113
80,Metallic Silver,A5A9B4,2016,76
80,Metallic Silver,A5A9B4,2017,66
80,Metallic Silver,A5A9B4,2018,219
80,Metallic Silver,A5A9B4,2019,245
80,Metallic Silver,A5A9B4,2020,218
80,Metallic Silver,A5A9B4,2021,371
80,Metallic Silver,A5A9B4,2022,562
80,Metallic Silver,A5A9B4,2023,281
80,Metallic Silver,A5A9B4,2024,237
80,Metallic Silver,A5A9B4,2025,127
81,Metallic Green,899B5F,2001,23
82,Metallic Gold,DBAC34,1997,1
82,Metallic Gold,DBAC34,1998,3
82,Metallic Gold,DBAC34,1999,16
82,Metallic Gold,DBAC34,2000,2
82,Metallic Gold,DBAC34,2001,14
82,Metallic Gold,DBAC34,2005,16
82,Metallic Gold,DBAC34,2006,4
82,Metallic Gold,DBAC34,2007,15
82,Metallic Gold,DBAC34,2008,51
82,Metallic Gold,DBAC34,2009,55
82,Metallic Gold,DBAC34,2010,16
82,Metallic Gold,DBAC34,2011,40
82,Metallic Gold,DBAC34,2012,18
82,Metallic Gold,DBAC34,2013,37
82,Metallic Gold,DBAC34,2014,8
82,Metallic Gold,DBAC34,2015,36
82,Metallic Gold,DBAC34,2016,9
82,Metallic Gold,DBAC34,2017,33
82,Metallic Gold,DBAC34,2018,49
82,Metallic Gold,DBAC34,2019,162
82,Metallic Gold,DBAC34,2020,448
82,Metallic Gold,DBAC34,2021,338
82,Metallic Gold,DBAC34,2022,490
82,Metallic Gold,DBAC34,2023,338
82,Metallic Gold,DBAC34,2024,511
82,Metallic Gold,DBAC34,2025,196
84,Medium Nougat,AA7D55,2010,345
84,Medium Nougat,AA7D55,2011,35
84,Medium Nougat,AA7D55,2012,237
84,Medium Nougat,AA7D55,2013,192
84,Medium Nougat,AA7D55,2014,512
84,Medium Nougat,AA7D55,2015,568
84,Medium Nougat,AA7D55,2016,1072
84,Medium Nougat,AA7D55,2017,1656
84,Medium Nougat,AA7D55,2018,1252
84,Medium Nougat,AA7D55,2019,2390
84,Medium Nougat,AA7D55,2020,3399
84,Medium Nougat,AA7D55,2021,3962
84,Medium Nougat,AA7D55,2022,4419
84,Medium Nougat,AA7D55,2023,5548
84,Medium Nougat,AA7D55,2024,6555
84,Medium Nougat,AA7D55,2025,6221
85,Dark Purple,3F3691,2000,1
85,Dark Purple,3F3691,2001,6
85,Dark Purple,3F3691,2002,1
85,Dark Purple,3F3691,2004,250
85,Dark Purple,3F3691,2005,62
85,Dark Purple,3F3691,2006,26
85,Dark Purple,3F3691,2007,10
85,Dark Purple,3F3691,2008,32
85,Dark Purple,3F3691,2009,3
85,Dark Purple,3F3691,2010,102
85,Dark Purple,3F3691,2011,525
85,Dark Purple,3F3691,2012,374
85,Dark Purple,3F3691,2013,285
85,Dark Purple,3F3691,2014,575
85,Dark Purple,3F3691,2015,1138
85,Dark Purple,3F3691,2016,842
85,Dark Purple,3F3691,2017,1206
85,Dark Purple,3F3691,2018,1095
85,Dark Purple,3F3691,2019,1040
85,Dark Purple,3F3691,2020,1198
85,Dark Purple,3F3691,2021,1709
85,Dark Purple,3F3691,2022,1673
85,Dark Purple,3F3691,2023,1368
85,Dark Purple,3F3691,2024,1695
85,Dark Purple,3F3691,2025,1328
86,Light Brown,7C503A,2004,46
86,Light Brown,7C503A,2005,73
86,Light Brown,7C503A,2006,49
89,Royal Blue,4C61DB,1985,1
89,Royal Blue,4C61DB,2004,223
89,Royal Blue,4C61DB,2005,63
92,Nougat,D09168,1979,2
92,Nougat,D09168,1980,1
92,Nougat,D09168,1982,1
92,Nougat,D09168,1985,6
92,Nougat,D09168,1986,5
92,Nougat,D09168,1989,1
92,Nougat,D09168,1990,1
92,Nougat,D09168,1991,5
92,Nougat,D09168,1993,1
92,Nougat,D09168,1994,2
92,Nougat,D09168,1996,16
92,Nougat,D09168,1997,51
92,Nougat,D09168,1998,39
92,Nougat,D09168,1999,52
92,Nougat,D09168,2000,21
92,Nougat,D09168,2001,23
92,Nougat,D09168,2002,20
92,Nougat,D09168,2003,5
92,Nougat,D09168,2004,18
92,Nougat,D09168,2005,25
92,Nougat,D09168,2006,4
92,Nougat,D09168,2007,10
92,Nougat,D09168,2008,9
92,Nougat,D09168,2009,1
92,Nougat,D09168,2010,13
92,Nougat,D09168,2011,2
92,Nougat,D09168,2012,1
92,Nougat,D09168,2013,1
92,Nougat,D09168,2014,32
92,Nougat,D09168,2015,1
92,Nougat,D09168,2016,8
92,Nougat,D09168,2017,12
92,Nougat,D09168,2018,6
92,Nougat,D09168,2019,1
92,Nougat,D09168,2020,65
92,Nougat,D09168,2021,143
92,Nougat,D09168,2022,753
92,Nougat,D09168,2023,258
92,Nougat,D09168,2024,184
92,Nougat,D09168,2025,405
100,Light Salmon,FEBABD,1997,157
100,Light Salmon,FEBABD,1998,17
100,Light Salmon,FEBABD,1999,4
100,Light Salmon,FEBABD,2002,2
110,Violet,4354A3,1992,1
110,Violet,4354A3,1998,1
110,Violet,4354A3,1999,12
110,Violet,4354A3,2000,12
110,Violet,4354A3,2001,6
110,Violet,4354A3,2002,48
110,Violet,4354A3,2003,59
110,Violet,4354A3,2004,6
110,Violet,4354A3,2008,5
112,Medium Bluish Violet,6874CA,1999,24
112,Medium Bluish Violet,6874CA,2000,16
112,Medium Bluish Violet,6874CA,2001,2
112,Medium Bluish Violet,6874CA,2002,3
112,Medium Bluish Violet,6874CA,2003,9
112,Medium Bluish Violet,6874CA,2004,9
112,Medium Bluish Violet,6874CA,2005,1
114,Glitter Trans-Dark Pink,DF6695,1999,7
114,Glitter Trans-Dark Pink,DF6695,2000,1
114,Glitter Trans-Dark Pink,DF6695,2001,2
114,Glitter Trans-Dark Pink,DF6695,2002,5
114,Glitter Trans-Dark Pink,DF6695,2003,1
114,Glitter Trans-Dark Pink,DF6695,2004,17
114,Glitter Trans-Dark Pink,DF6695,2005,21
114,Glitter Trans-Dark Pink,DF6695,2006,21
114,Glitter Trans-Dark Pink,DF6695,2007,70
114,Glitter Trans-Dark Pink,DF6695,2008,21
114,Glitter Trans-Dark Pink,DF6695,2010,30
114,Glitter Trans-Dark Pink,DF6695,2012,1
114,Glitter Trans-Dark Pink,DF6695,2016,1
114,Glitter Trans-Dark Pink,DF6695,2019,20
114,Glitter Trans-Dark Pink,DF6695,2020,18
114,Glitter Trans-Dark Pink,DF6695,2021,20
114,Glitter Trans-Dark Pink,DF6695,2022,2
114,Glitter Trans-Dark Pink,DF6695,2024,5
115,Medium Lime,C7D23C,1998,44
115,Medium Lime,C7D23C,1999,19
115,Medium Lime,C7D23C,2000,8
115,Medium Lime,C7D23C,2001,18
115,Medium Lime,C7D23C,2002,3
115,Medium Lime,C7D23C,2003,51
115,Medium Lime,C7D23C,2004,54
115,Medium Lime,C7D23C,2005,12
117,Glitter Trans-Clear,FFFFFF,1999,9
117,Glitter Trans-Clear,FFFFFF,2000,1
117,Glitter Trans-Clear,FFFFFF,2002,2
117,Glitter Trans-Clear,FFFFFF,2004,5
117,Glitter Trans-Clear,FFFFFF,2005,12
117,Glitter Trans-Clear,FFFFFF,2007,2
117,Glitter Trans-Clear,FFFFFF,2008,1
117,Glitter Trans-Clear,FFFFFF,2015,4
117,Glitter Trans-Clear,FFFFFF,2016,2
117,Glitter Trans-Clear,FFFFFF,2019,1
117,Glitter Trans-Clear,FFFFFF,2020,24
117,Glitter Trans-Clear,FFFFFF,2021,44
117,Glitter Trans-Clear,FFFFFF,2022,70
117,Glitter Trans-Clear,FFFFFF,2023,66
118,Aqua,B3D7D1,1998,17
118,Aqua,B3D7D1,1999,5
118,Aqua,B3D7D1,2000,44
118,Aqua,B3D7D1,2001,3
118,Aqua,B3D7D1,2002,17
118,Aqua,B3D7D1,2003,52
118,Aqua,B3D7D1,2004,81
118,Aqua,B3D7D1,2005,80
118,Aqua,B3D7D1,2006,31
118,Aqua,B3D7D1,2018,1
120,Light Lime,D9E4A7,1998,5
120,Light Lime,D9E4A7,1999,2
120,Light Lime,D9E4A7,2004,4
120,Light Lime,D9E4A7,2005,22
120,Light Lime,D9E4A7,2006,1
120,Light Lime,D9E4A7,2007,2
125,Light Orange,F9BA61,1998,20
125,Light Orange,F9BA61,1999,9
125,Light Orange,F9BA61,2000,17
125,Light Orange,F9BA61,2001,3
125,Light Orange,F9BA61,2002,8
125,Light Orange,F9BA61,2003,6
125,Light Orange,F9BA61,2004,3
129,Glitter Trans-Purple,A5A5CB,2000,1
129,Glitter Trans-Purple,A5A5CB,2004,4
129,Glitter Trans-Purple,A5A5CB,2006,7
129,Glitter Trans-Purple,A5A5CB,2015,16
129,Glitter Trans-Purple,A5A5CB,2016,14
129,Glitter Trans-Purple,A5A5CB,2017,4
129,Glitter Trans-Purple,A5A5CB,2018,5
129,Glitter Trans-Purple,A5A5CB,2019,37
129,Glitter Trans-Purple,A5A5CB,2020,31
129,Glitter Trans-Purple,A5A5CB,2021,30
129,Glitter Trans-Purple,A5A5CB,2022,10
129,Glitter Trans-Purple,A5A5CB,2023,19
129,Glitter Trans-Purple,A5A5CB,2024,31
129,Glitter Trans-Purple,A5A5CB,2025,1
132,Speckle Black-Silver,05131D,2005,42
132,Speckle Black-Silver,05131D,2006,34
132,Speckle Black-Silver,05131D,2007,8
132,Speckle Black-Silver,05131D,2008,24
132,Speckle Black-Silver,05131D,2009,2
132,Speckle Black-Silver,05131D,2010,3
132,Speckle Black-Silver,05131D,2011,28
132,Speckle Black-Silver,05131D,2012,8
132,Speckle Black-Silver,05131D,2013,1
133,Speckle Black-Gold,05131D,2011,4
134,Copper,AE7A59,2004,20
134,Copper,AE7A59,2005,14
134,Copper,AE7A59,2006,5
134,Copper,AE7A59,2007,2
134,Copper,AE7A59,2008,13
135,Pearl Light Gray,9CA3A8,2000,134
135,Pearl Light Gray,9CA3A8,2001,89
135,Pearl Light Gray,9CA3A8,2002,414
135,Pearl Light Gray,9CA3A8,2003,645
135,Pearl Light Gray,9CA3A8,2004,536
135,Pearl Light Gray,9CA3A8,2005,959
135,Pearl Light Gray,9CA3A8,2006,900
135,Pearl Light Gray,9CA3A8,2007,764
135,Pearl Light Gray,9CA3A8,2008,803
135,Pearl Light Gray,9CA3A8,2009,471
135,Pearl Light Gray,9CA3A8,2010,283
135,Pearl Light Gray,9CA3A8,2011,16
137,Pearl Sand Blue,7988A1,2000,17
137,Pearl Sand Blue,7988A1,2002,89
137,Pearl Sand Blue,7988A1,2003,26
137,Pearl Sand Blue,7988A1,2004,24
137,Pearl Sand Blue,7988A1,2005,9
137,Pearl Sand Blue,7988A1,2006,2
142,Pearl Light Gold,DCBC81,2000,2
142,Pearl Light Gold,DCBC81,2001,1
142,Pearl Light Gold,DCBC81,2002,5
143,Trans-Medium Blue,CFE2F7,2001,15
143,Trans-Medium Blue,CFE2F7,2002,40
143,Trans-Medium Blue,CFE2F7,2003,42
143,Trans-Medium Blue,CFE2F7,2004,92
143,Trans-Medium Blue,CFE2F7,2005,38
143,Trans-Medium Blue,CFE2F7,2006,61
143,Trans-Medium Blue,CFE2F7,2007,56
143,Trans-Medium Blue,CFE2F7,2008,7
143,Trans-Medium Blue,CFE2F7,2009,13
143,Trans-Medium Blue,CFE2F7,2010,9
143,Trans-Medium Blue,CFE2F7,2011,56
143,Trans-Medium Blue,CFE2F7,2012,68
143,Trans-Medium Blue,CFE2F7,2013,45
143,Trans-Medium Blue,CFE2F7,2014,35
143,Trans-Medium Blue,CFE2F7,2015,81
143,Trans-Medium Blue,CFE2F7,2016,61
143,Trans-Medium Blue,CFE2F7,2017,63
143,Trans-Medium Blue,CFE2F7,2018,7
148,Pearl Dark Gray,575857,2001,1
148,Pearl Dark Gray,575857,2002,88
148,Pearl Dark Gray,575857,2003,73
148,Pearl Dark Gray,575857,2004,46
148,Pearl Dark Gray,575857,2005,47
148,Pearl Dark Gray,575857,2006,75
148,Pearl Dark Gray,575857,2007,34
148,Pearl Dark Gray,575857,2008,44
148,Pearl Dark Gray,575857,2009,29
148,Pearl Dark Gray,575857,2010,40
148,Pearl Dark Gray,575857,2016,1
150,Pearl Very Light Gray,ABADAC,2000,9
150,Pearl Very Light Gray,ABADAC,2002,11
150,Pearl Very Light Gray,ABADAC,2003,15
150,Pearl Very Light Gray,ABADAC,2004,5
151,Very Light Bluish Gray,E6E3E0,1998,1
151,Very Light Bluish Gray,E6E3E0,2004,35
151,Very Light Bluish Gray,E6E3E0,2005,37
151,Very Light Bluish Gray,E6E3E0,2006,95
151,Very Light Bluish Gray,E6E3E0,2007,3
151,Very Light Bluish Gray,E6E3E0,2008,9
151,Very Light Bluish Gray,E6E3E0,2009,78
151,Very Light Bluish Gray,E6E3E0,2010,5
151,Very Light Bluish Gray,E6E3E0,2013,14
158,Yellowish Green,DFEEA5,2012,9
158,Yellowish Green,DFEEA5,2014,14
158,Yellowish Green,DFEEA5,2015,348
158,Yellowish Green,DFEEA5,2016,68
158,Yellowish Green,DFEEA5,2017,241
158,Yellowish Green,DFEEA5,2018,69
158,Yellowish Green,DFEEA5,2019,202
158,Yellowish Green,DFEEA5,2020,314
158,Yellowish Green,DFEEA5,2021,296
158,Yellowish Green,DFEEA5,2022,427
158,Yellowish Green,DFEEA5,2023,621
158,Yellowish Green,DFEEA5,2024,271
158,Yellowish Green,DFEEA5,2025,695
178,Flat Dark Gold,B48455,2002,28
178,Flat Dark Gold,B48455,2003,42
178,Flat Dark Gold,B48455,2004,38
178,Flat Dark Gold,B48455,2005,32
178,Flat Dark Gold,B48455,2006,15
179,Flat Silver,898788,2009,24
179,Flat Silver,898788,2010,188
179,Flat Silver,898788,2011,373
179,Flat Silver,898788,2012,621
179,Flat Silver,898788,2013,901
179,Flat Silver,898788,2014,1674
179,Flat Silver,898788,2015,1828
179,Flat Silver,898788,2016,1858
179,Flat Silver,898788,2017,2098
179,Flat Silver,898788,2018,2057
179,Flat Silver,898788,2019,1742
179,Flat Silver,898788,2020,2028
179,Flat Silver,898788,2021,2508
179,Flat Silver,898788,2022,2123
179,Flat Silver,898788,2023,1591
179,Flat Silver,898788,2024,1540
179,Flat Silver,898788,2025,1381
182,Trans-Orange,F08F1C,2002,2
182,Trans-Orange,F08F1C,2003,65
182,Trans-Orange,F08F1C,2004,241
182,Trans-Orange,F08F1C,2005,171
182,Trans-Orange,F08F1C,2006,170
182,Trans-Orange,F08F1C,2007,295
182,Trans-Orange,F08F1C,2008,288
182,Trans-Orange,F08F1C,2009,476
182,Trans-Orange,F08F1C,2010,452
182,Trans-Orange,F08F1C,2011,385
182,Trans-Orange,F08F1C,2012,669
182,Trans-Orange,F08F1C,2013,634
182,Trans-Orange,F08F1C,2014,953
182,Trans-Orange,F08F1C,2015,1348
182,Trans-Orange,F08F1C,2016,1289
182,Trans-Orange,F08F1C,2017,908
182,Trans-Orange,F08F1C,2018,965
182,Trans-Orange,F08F1C,2019,1183
182,Trans-Orange,F08F1C,2020,1243
182,Trans-Orange,F08F1C,2021,1234
182,Trans-Orange,F08F1C,2022,1199
182,Trans-Orange,F08F1C,2023,1353
182,Trans-Orange,F08F1C,2024,1582
182,Trans-Orange,F08F1C,2025,1338
183,Pearl White,F2F3F2,2003,12
183,Pearl White,F2F3F2,2004,1
183,Pearl White,F2F3F2,2005,13
183,Pearl White,F2F3F2,2006,19
183,Pearl White,F2F3F2,2021,1
191,Bright Light Orange,F8BB3D,2003,4
191,Bright Light Orange,F8BB3D,2004,28
191,Bright Light Orange,F8BB3D,2005,214
191,Bright Light Orange,F8BB3D,2006,119
191,Bright Light Orange,F8BB3D,2007,69
191,Bright Light Orange,F8BB3D,2008,95
191,Bright Light Orange,F8BB3D,2009,122
191,Bright Light Orange,F8BB3D,2010,112
191,Bright Light Orange,F8BB3D,2011,113
191,Bright Light Orange,F8BB3D,2012,253
191,Bright Light Orange,F8BB3D,2013,971
191,Bright Light Orange,F8BB3D,2014,817
191,Bright Light Orange,F8BB3D,2015,1314
191,Bright Light Orange,F8BB3D,2016,1218
191,Bright Light Orange,F8BB3D,2017,1288
191,Bright Light Orange,F8BB3D,2018,1393
191,Bright Light Orange,F8BB3D,2019,1352
191,Bright Light Orange,F8BB3D,2020,1911
191,Bright Light Orange,F8BB3D,2021,4165
191,Bright Light Orange,F8BB3D,2022,3274
191,Bright Light Orange,F8BB3D,2023,3541
191,Bright Light Orange,F8BB3D,2024,4745
191,Bright Light Orange,F8BB3D,2025,3506
212,Bright Light Blue,9FC3E9,2004,23
212,Bright Light Blue,9FC3E9,2005,72
212,Bright Light Blue,9FC3E9,2006,17
212,Bright Light Blue,9FC3E9,2007,15
212,Bright Light Blue,9FC3E9,2008,11
212,Bright Light Blue,9FC3E9,2009,6
212,Bright Light Blue,9FC3E9,2010,16
212,Bright Light Blue,9FC3E9,2011,16
212,Bright Light Blue,9FC3E9,2012,58
212,Bright Light Blue,9FC3E9,2013,40
212,Bright Light Blue,9FC3E9,2014,76
212,Bright Light Blue,9FC3E9,2015,103
212,Bright Light Blue,9FC3E9,2016,125
212,Bright Light Blue,9FC3E9,2017,253
212,Bright Light Blue,9FC3E9,2018,157
212,Bright Light Blue,9FC3E9,2019,138
212,Bright Light Blue,9FC3E9,2020,199
212,Bright Light Blue,9FC3E9,2021,845
212,Bright Light Blue,9FC3E9,2022,1602
212,Bright Light Blue,9FC3E9,2023,1314
212,Bright Light Blue,9FC3E9,2024,1688
212,Bright Light Blue,9FC3E9,2025,1630
216,Rust,B31004,1989,9
216,Rust,B31004,1991,4
216,Rust,B31004,1997,6
216,Rust,B31004,1999,6
216,Rust,B31004,2000,2
216,Rust,B31004,2001,5
226,Bright Light Yellow,FFF03A,2004,31
226,Bright Light Yellow,FFF03A,2005,14
226,Bright Light Yellow,FFF03A,2006,27
226,Bright Light Yellow,FFF03A,2007,12
226,Bright Light Yellow,FFF03A,2009,5
226,Bright Light Yellow,FFF03A,2010,7
226,Bright Light Yellow,FFF03A,2011,2
226,Bright Light Yellow,FFF03A,2012,22
226,Bright Light Yellow,FFF03A,2013,49
226,Bright Light Yellow,FFF03A,2014,105
226,Bright Light Yellow,FFF03A,2015,130
226,Bright Light Yellow,FFF03A,2016,76
226,Bright Light Yellow,FFF03A,2017,170
226,Bright Light Yellow,FFF03A,2018,325
226,Bright Light Yellow,FFF03A,2019,344
226,Bright Light Yellow,FFF03A,2020,1639
226,Bright Light Yellow,FFF03A,2021,1364
226,Bright Light Yellow,FFF03A,2022,1539
226,Bright Light Yellow,FFF03A,2023,1843
226,Bright Light Yellow,FFF03A,2024,1722
226,Bright Light Yellow,FFF03A,2025,2109
230,Trans-Pink,E4ADC8,2003,129
230,Trans-Pink,E4ADC8,2004,82
230,Trans-Pink,E4ADC8,2005,128
230,Trans-Pink,E4ADC8,2006,95
232,Sky Blue,7DBFDD,2003,31
232,Sky Blue,7DBFDD,2004,65
232,Sky Blue,7DBFDD,2005,32
232,Sky Blue,7DBFDD,2007,4
236,Trans-Light Purple,96709F,2000,4
236,Trans-Light Purple,96709F,2005,59
236,Trans-Light Purple,96709F,2006,8
272,Dark Blue,0A3463,1999,2
272,Dark Blue,0A3463,2001,9
272,Dark Blue,0A3463,2002,66
272,Dark Blue,0A3463,2003,220
272,Dark Blue,0A3463,2004,342
272,Dark Blue,0A3463,2005,1207
272,Dark Blue,0A3463,2006,266
272,Dark Blue,0A3463,2007,918
272,Dark Blue,0A3463,2008,1593
272,Dark Blue,0A3463,2009,947
272,Dark Blue,0A3463,2010,728
272,Dark Blue,0A3463,2011,562
272,Dark Blue,0A3463,2012,752
272,Dark Blue,0A3463,2013,832
272,Dark Blue,0A3463,2014,855
272,Dark Blue,0A3463,2015,1970
272,Dark Blue,0A3463,2016,1237
272,Dark Blue,0A3463,2017,2230
272,Dark Blue,0A3463,2018,3184
272,Dark Blue,0A3463,2019,4543
272,Dark Blue,0A3463,2020,3500
272,Dark Blue,0A3463,2021,4988
272,Dark Blue,0A3463,2022,5115
272,Dark Blue,0A3463,2023,5268
272,Dark Blue,0A3463,2024,5355
272,Dark Blue,0A3463,2025,5386
288,Dark Green,184632,1999,32
288,Dark Green,184632,2001,1
288,Dark Green,184632,2002,6
288,Dark Green,184632,2004,168
288,Dark Green,184632,2005,223
288,Dark Green,184632,2006,293
288,Dark Green,184632,2007,140
288,Dark Green,184632,2008,634
288,Dark Green,184632,2009,671
288,Dark Green,184632,2010,543
288,Dark Green,184632,2011,591
288,Dark Green,184632,2012,1079
288,Dark Green,184632,2013,771
288,Dark Green,184632,2014,722
288,Dark Green,184632,2015,1309
288,Dark Green,184632,2016,588
288,Dark Green,184632,2017,1129
288,Dark Green,184632,2018,1293
288,Dark Green,184632,2019,1476
288,Dark Green,184632,2020,1097
288,Dark Green,184632,2021,1658
288,Dark Green,184632,2022,1864
288,Dark Green,184632,2023,2097
288,Dark Green,184632,2024,2872
288,Dark Green,184632,2025,4576
294,Glow In Dark Trans,BDC6AD,2005,22
294,Glow In Dark Trans,BDC6AD,2006,7
294,Glow In Dark Trans,BDC6AD,2007,56
294,Glow In Dark Trans,BDC6AD,2008,27
294,Glow In Dark Trans,BDC6AD,2009,2
294,Glow In Dark Trans,BDC6AD,2010,4
294,Glow In Dark Trans,BDC6AD,2011,26
297,Pearl Gold,AA7F2E,2004,4
297,Pearl Gold,AA7F2E,2005,51
297,Pearl Gold,AA7F2E,2006,200
297,Pearl Gold,AA7F2E,2007,196
297,Pearl Gold,AA7F2E,2008,173
297,Pearl Gold,AA7F2E,2009,473
297,Pearl Gold,AA7F2E,2010,894
297,Pearl Gold,AA7F2E,2011,1065
297,Pearl Gold,AA7F2E,2012,1198
297,Pearl Gold,AA7F2E,2013,1112
297,Pearl Gold,AA7F2E,2014,1829
297,Pearl Gold,AA7F2E,2015,2233
297,Pearl Gold,AA7F2E,2016,2567
297,Pearl Gold,AA7F2E,2017,2202
297,Pearl Gold,AA7F2E,2018,2590
297,Pearl Gold,AA7F2E,2019,3103
297,Pearl Gold,AA7F2E,2020,3850
297,Pearl Gold,AA7F2E,2021,6239
297,Pearl Gold,AA7F2E,2022,4853
297,Pearl Gold,AA7F2E,2023,6626
297,Pearl Gold,AA7F2E,2024,6674
297,Pearl Gold,AA7F2E,2025,6319
297,Pearl Gold,AA7F2E,2026,3
308,Dark Brown,352100,2008,266
308,Dark Brown,352100,2009,330
308,Dark Brown,352100,2010,662
308,Dark Brown,352100,2011,421
308,Dark Brown,352100,2012,790
308,Dark Brown,352100,2013,866
308,Dark Brown,352100,2014,778
308,Dark Brown,352100,2015,923
308,Dark Brown,352100,2016,663
308,Dark Brown,352100,2017,1011
308,Dark Brown,352100,2018,662
308,Dark Brown,352100,2019,1727
308,Dark Brown,352100,2020,2017
308,Dark Brown,352100,2021,2054
308,Dark Brown,352100,2022,1495
308,Dark Brown,352100,2023,2607
308,Dark Brown,352100,2024,2705
308,Dark Brown,352100,2025,3166
313,Maersk Blue,3592C3,1974,7
313,Maersk Blue,3592C3,1980,115
313,Maersk Blue,3592C3,1985,132
313,Maersk Blue,3592C3,1986,18
313,Maersk Blue,3592C3,1992,4
313,Maersk Blue,3592C3,1993,3
313,Maersk Blue,3592C3,1995,18
313,Maersk Blue,3592C3,2004,166
313,Maersk Blue,3592C3,2006,4
320,Dark Red,720E0F,2001,78
320,Dark Red,720E0F,2002,90
320,Dark Red,720E0F,2003,145
320,Dark Red,720E0F,2004,893
320,Dark Red,720E0F,2005,1782
320,Dark Red,720E0F,2006,661
320,Dark Red,720E0F,2007,1197
320,Dark Red,720E0F,2008,1335
320,Dark Red,720E0F,2009,1240
320,Dark Red,720E0F,2010,948
320,Dark Red,720E0F,2011,2146
320,Dark Red,720E0F,2012,1552
320,Dark Red,720E0F,2013,1713
320,Dark Red,720E0F,2014,1051
320,Dark Red,720E0F,2015,1937
320,Dark Red,720E0F,2016,1601
320,Dark Red,720E0F,2017,1984
320,Dark Red,720E0F,2018,2876
320,Dark Red,720E0F,2019,2353
320,Dark Red,720E0F,2020,3107
320,Dark Red,720E0F,2021,4655
320,Dark Red,720E0F,2022,4692
320,Dark Red,720E0F,2023,3402
320,Dark Red,720E0F,2024,3794
320,Dark Red,720E0F,2025,4132
321,Dark Azure,078BC9,2011,8
321,Dark Azure,078BC9,2012,19
321,Dark Azure,078BC9,2013,316
321,Dark Azure,078BC9,2014,160
321,Dark Azure,078BC9,2015,162
321,Dark Azure,078BC9,2016,851
321,Dark Azure,078BC9,2017,552
321,Dark Azure,078BC9,2018,1462
321,Dark Azure,078BC9,2019,1183
321,Dark Azure,078BC9,2020,1301
321,Dark Azure,078BC9,2021,1963
321,Dark Azure,078BC9,2022,2306
321,Dark Azure,078BC9,2023,2326
321,Dark Azure,078BC9,2024,1944
321,Dark Azure,078BC9,2025,1436
322,Medium Azure,36AEBF,2012,250
322,Medium Azure,36AEBF,2013,279
322,Medium Azure,36AEBF,2014,799
322,Medium Azure,36AEBF,2015,1124
322,Medium Azure,36AEBF,2016,1026
322,Medium Azure,36AEBF,2017,1346
322,Medium Azure,36AEBF,2018,1128
322,Medium Azure,36AEBF,2019,1428
322,Medium Azure,36AEBF,2020,2833
322,Medium Azure,36AEBF,2021,4659
322,Medium Azure,36AEBF,2022,2736
322,Medium Azure,36AEBF,2023,3018
322,Medium Azure,36AEBF,2024,2899
322,Medium Azure,36AEBF,2025,3823
323,Light Aqua,ADC3C0,2011,5
323,Light Aqua,ADC3C0,2012,79
323,Light Aqua,ADC3C0,2013,18
323,Light Aqua,ADC3C0,2014,81
323,Light Aqua,ADC3C0,2015,120
323,Light Aqua,ADC3C0,2016,173
323,Light Aqua,ADC3C0,2017,209
323,Light Aqua,ADC3C0,2018,359
323,Light Aqua,ADC3C0,2019,506
323,Light Aqua,ADC3C0,2020,788
323,Light Aqua,ADC3C0,2021,1911
323,Light Aqua,ADC3C0,2022,1363
323,Light Aqua,ADC3C0,2023,2092
323,Light Aqua,ADC3C0,2024,1576
323,Light Aqua,ADC3C0,2025,1111
326,Olive Green,9B9A5A,2010,1
326,Olive Green,9B9A5A,2012,73
326,Olive Green,9B9A5A,2013,506
326,Olive Green,9B9A5A,2014,1066
326,Olive Green,9B9A5A,2015,285
326,Olive Green,9B9A5A,2016,179
326,Olive Green,9B9A5A,2017,527
326,Olive Green,9B9A5A,2018,642
326,Olive Green,9B9A5A,2019,977
326,Olive Green,9B9A5A,2020,817
326,Olive Green,9B9A5A,2021,645
326,Olive Green,9B9A5A,2022,811
326,Olive Green,9B9A5A,2023,1753
326,Olive Green,9B9A5A,2024,1654
326,Olive Green,9B9A5A,2025,1622
334,Chrome Gold,BBA53D,1989,176
334,Chrome Gold,BBA53D,1990,8
334,Chrome Gold,BBA53D,1991,12
334,Chrome Gold,BBA53D,1992,44
334,Chrome Gold,BBA53D,1993,60
334,Chrome Gold,BBA53D,1994,36
334,Chrome Gold,BBA53D,1995,26
334,Chrome Gold,BBA53D,1996,92
334,Chrome Gold,BBA53D,1997,88
334,Chrome Gold,BBA53D,1998,55
334,Chrome Gold,BBA53D,1999,66
334,Chrome Gold,BBA53D,2000,16
334,Chrome Gold,BBA53D,2001,35
334,Chrome Gold,BBA53D,2002,54
334,Chrome Gold,BBA53D,2003,439
334,Chrome Gold,BBA53D,2004,329
334,Chrome Gold,BBA53D,2005,38
334,Chrome Gold,BBA53D,2006,21
334,Chrome Gold,BBA53D,2007,91
334,Chrome Gold,BBA53D,2008,27
334,Chrome Gold,BBA53D,2009,39
334,Chrome Gold,BBA53D,2010,14
334,Chrome Gold,BBA53D,2011,60
334,Chrome Gold,BBA53D,2012,69
334,Chrome Gold,BBA53D,2013,328
334,Chrome Gold,BBA53D,2014,22
334,Chrome Gold,BBA53D,2015,14
334,Chrome Gold,BBA53D,2016,21
334,Chrome Gold,BBA53D,2018,15
334,Chrome Gold,BBA53D,2019,17
334,Chrome Gold,BBA53D,2020,6
334,Chrome Gold,BBA53D,2021,44
334,Chrome Gold,BBA53D,2022,16
334,Chrome Gold,BBA53D,2023,9
334,Chrome Gold,BBA53D,2024,21
334,Chrome Gold,BBA53D,2025,17
335,Sand Red,D67572,2001,538
335,Sand Red,D67572,2002,4
335,Sand Red,D67572,2003,4
335,Sand Red,D67572,2004,25
351,Medium Dark Pink,F785B1,1994,169
351,Medium Dark Pink,F785B1,1995,89
351,Medium Dark Pink,F785B1,1996,198
351,Medium Dark Pink,F785B1,1997,70
351,Medium Dark Pink,F785B1,1998,104
351,Medium Dark Pink,F785B1,1999,90
351,Medium Dark Pink,F785B1,2000,35
351,Medium Dark Pink,F785B1,2001,61
351,Medium Dark Pink,F785B1,2002,62
351,Medium Dark Pink,F785B1,2003,163
351,Medium Dark Pink,F785B1,2004,102
351,Medium Dark Pink,F785B1,2005,3
366,Earth Orange,FA9C1C,1982,14
366,Earth Orange,FA9C1C,1983,1
366,Earth Orange,FA9C1C,1984,1
366,Earth Orange,FA9C1C,1985,3
366,Earth Orange,FA9C1C,1986,1
366,Earth Orange,FA9C1C,1987,3
366,Earth Orange,FA9C1C,1988,2
366,Earth Orange,FA9C1C,1990,12
366,Earth Orange,FA9C1C,1991,2
366,Earth Orange,FA9C1C,1993,2
366,Earth Orange,FA9C1C,1994,4
366,Earth Orange,FA9C1C,1995,6
366,Earth Orange,FA9C1C,1997,20
366,Earth Orange,FA9C1C,1998,14
366,Earth Orange,FA9C1C,1999,11
366,Earth Orange,FA9C1C,2000,12
366,Earth Orange,FA9C1C,2001,3
366,Earth Orange,FA9C1C,2002,11
366,Earth Orange,FA9C1C,2003,6
366,Earth Orange,FA9C1C,2004,15
366,Earth Orange,FA9C1C,2005,12
373,Sand Purple,8.45E+86,2001,94
373,Sand Purple,8.45E+86,2002,2
373,Sand Purple,8.45E+86,2003,1
378,Sand Green,A0BCAC,2000,2867
378,Sand Green,A0BCAC,2001,136
378,Sand Green,A0BCAC,2002,613
378,Sand Green,A0BCAC,2003,205
378,Sand Green,A0BCAC,2004,335
378,Sand Green,A0BCAC,2005,79
378,Sand Green,A0BCAC,2006,50
378,Sand Green,A0BCAC,2007,75
378,Sand Green,A0BCAC,2008,524
378,Sand Green,A0BCAC,2009,10
378,Sand Green,A0BCAC,2010,177
378,Sand Green,A0BCAC,2011,365
378,Sand Green,A0BCAC,2012,592
378,Sand Green,A0BCAC,2013,48
378,Sand Green,A0BCAC,2014,288
378,Sand Green,A0BCAC,2015,295
378,Sand Green,A0BCAC,2016,461
378,Sand Green,A0BCAC,2017,1675
378,Sand Green,A0BCAC,2018,906
378,Sand Green,A0BCAC,2019,1988
378,Sand Green,A0BCAC,2020,1286
378,Sand Green,A0BCAC,2021,2592
378,Sand Green,A0BCAC,2022,1635
378,Sand Green,A0BCAC,2023,2741
378,Sand Green,A0BCAC,2024,1712
378,Sand Green,A0BCAC,2025,3052
379,Sand Blue,6074A1,2001,155
379,Sand Blue,6074A1,2002,130
379,Sand Blue,6074A1,2003,147
379,Sand Blue,6074A1,2004,571
379,Sand Blue,6074A1,2005,188
379,Sand Blue,6074A1,2006,59
379,Sand Blue,6074A1,2007,1
379,Sand Blue,6074A1,2010,1
379,Sand Blue,6074A1,2011,418
379,Sand Blue,6074A1,2012,28
379,Sand Blue,6074A1,2013,1
379,Sand Blue,6074A1,2014,142
379,Sand Blue,6074A1,2015,64
379,Sand Blue,6074A1,2016,399
379,Sand Blue,6074A1,2017,640
379,Sand Blue,6074A1,2018,324
379,Sand Blue,6074A1,2019,528
379,Sand Blue,6074A1,2020,430
379,Sand Blue,6074A1,2021,1073
379,Sand Blue,6074A1,2022,665
379,Sand Blue,6074A1,2023,1358
379,Sand Blue,6074A1,2024,1443
379,Sand Blue,6074A1,2025,1487
383,Chrome Silver,E0E0E0,1977,2
383,Chrome Silver,E0E0E0,1993,1
383,Chrome Silver,E0E0E0,1994,25
383,Chrome Silver,E0E0E0,1995,63
383,Chrome Silver,E0E0E0,1996,88
383,Chrome Silver,E0E0E0,1997,114
383,Chrome Silver,E0E0E0,1998,155
383,Chrome Silver,E0E0E0,1999,90
383,Chrome Silver,E0E0E0,2000,42
383,Chrome Silver,E0E0E0,2001,81
383,Chrome Silver,E0E0E0,2002,113
383,Chrome Silver,E0E0E0,2003,119
383,Chrome Silver,E0E0E0,2004,132
383,Chrome Silver,E0E0E0,2005,34
383,Chrome Silver,E0E0E0,2006,92
383,Chrome Silver,E0E0E0,2007,30
383,Chrome Silver,E0E0E0,2008,19
383,Chrome Silver,E0E0E0,2009,29
383,Chrome Silver,E0E0E0,2010,65
383,Chrome Silver,E0E0E0,2011,32
383,Chrome Silver,E0E0E0,2012,3
383,Chrome Silver,E0E0E0,2013,27
383,Chrome Silver,E0E0E0,2014,32
383,Chrome Silver,E0E0E0,2015,11
383,Chrome Silver,E0E0E0,2016,8
383,Chrome Silver,E0E0E0,2018,28
383,Chrome Silver,E0E0E0,2023,7
383,Chrome Silver,E0E0E0,2024,6
383,Chrome Silver,E0E0E0,2025,2
450,Fabuland Brown,B67B50,1979,1
450,Fabuland Brown,B67B50,1982,15
450,Fabuland Brown,B67B50,1983,2
450,Fabuland Brown,B67B50,1984,4
450,Fabuland Brown,B67B50,1985,9
450,Fabuland Brown,B67B50,1986,5
450,Fabuland Brown,B67B50,1987,12
450,Fabuland Brown,B67B50,1988,3
450,Fabuland Brown,B67B50,1990,1
450,Fabuland Brown,B67B50,1991,3
462,Medium Orange,FFA70B,1996,2
462,Medium Orange,FFA70B,1997,14
462,Medium Orange,FFA70B,1998,71
462,Medium Orange,FFA70B,1999,11
462,Medium Orange,FFA70B,2000,24
462,Medium Orange,FFA70B,2001,29
462,Medium Orange,FFA70B,2002,95
462,Medium Orange,FFA70B,2003,150
462,Medium Orange,FFA70B,2004,64
462,Medium Orange,FFA70B,2005,16
462,Medium Orange,FFA70B,2006,6
462,Medium Orange,FFA70B,2007,5
462,Medium Orange,FFA70B,2008,2
484,Dark Orange,A95500,1994,2
484,Dark Orange,A95500,1995,2
484,Dark Orange,A95500,1996,3
484,Dark Orange,A95500,1997,26
484,Dark Orange,A95500,1998,17
484,Dark Orange,A95500,1999,23
484,Dark Orange,A95500,2000,29
484,Dark Orange,A95500,2001,59
484,Dark Orange,A95500,2002,118
484,Dark Orange,A95500,2003,214
484,Dark Orange,A95500,2004,276
484,Dark Orange,A95500,2005,388
484,Dark Orange,A95500,2006,88
484,Dark Orange,A95500,2007,90
484,Dark Orange,A95500,2008,59
484,Dark Orange,A95500,2009,76
484,Dark Orange,A95500,2010,153
484,Dark Orange,A95500,2011,246
484,Dark Orange,A95500,2012,648
484,Dark Orange,A95500,2013,218
484,Dark Orange,A95500,2014,493
484,Dark Orange,A95500,2015,676
484,Dark Orange,A95500,2016,546
484,Dark Orange,A95500,2017,453
484,Dark Orange,A95500,2018,541
484,Dark Orange,A95500,2019,1855
484,Dark Orange,A95500,2020,1643
484,Dark Orange,A95500,2021,2091
484,Dark Orange,A95500,2022,2532
484,Dark Orange,A95500,2023,2525
484,Dark Orange,A95500,2024,5222
484,Dark Orange,A95500,2025,4451
503,Very Light Gray,E6E3DA,1997,27
503,Very Light Gray,E6E3DA,1998,4
503,Very Light Gray,E6E3DA,1999,1
503,Very Light Gray,E6E3DA,2000,206
503,Very Light Gray,E6E3DA,2003,17
503,Very Light Gray,E6E3DA,2004,4
1000,Glow in Dark White,D9D9D9,2011,25
1000,Glow in Dark White,D9D9D9,2012,54
1000,Glow in Dark White,D9D9D9,2013,19
1000,Glow in Dark White,D9D9D9,2014,137
1000,Glow in Dark White,D9D9D9,2015,37
1000,Glow in Dark White,D9D9D9,2016,1
1000,Glow in Dark White,D9D9D9,2017,18
1000,Glow in Dark White,D9D9D9,2018,34
1000,Glow in Dark White,D9D9D9,2020,3
1000,Glow in Dark White,D9D9D9,2021,205
1000,Glow in Dark White,D9D9D9,2022,71
1000,Glow in Dark White,D9D9D9,2023,56
1000,Glow in Dark White,D9D9D9,2024,59
1000,Glow in Dark White,D9D9D9,2025,25
1001,Medium Violet,9.39E+07,2000,2
1001,Medium Violet,9.39E+07,2001,1
1001,Medium Violet,9.39E+07,2004,4
1001,Medium Violet,9.39E+07,2005,3
1002,Glitter Trans-Neon Green,C0F500,2015,7
1002,Glitter Trans-Neon Green,C0F500,2016,2
1002,Glitter Trans-Neon Green,C0F500,2017,1
1002,Glitter Trans-Neon Green,C0F500,2018,2
1003,Glitter Trans-Light Blue,68BCC5,2015,6
1003,Glitter Trans-Light Blue,68BCC5,2016,5
1003,Glitter Trans-Light Blue,68BCC5,2017,13
1003,Glitter Trans-Light Blue,68BCC5,2019,25
1003,Glitter Trans-Light Blue,68BCC5,2020,27
1003,Glitter Trans-Light Blue,68BCC5,2021,4
1003,Glitter Trans-Light Blue,68BCC5,2022,6
1003,Glitter Trans-Light Blue,68BCC5,2023,1
1003,Glitter Trans-Light Blue,68BCC5,2024,2
1004,Trans-Flame Yellowish Orange,FCB76D,2003,89
1004,Trans-Flame Yellowish Orange,FCB76D,2004,67
1004,Trans-Flame Yellowish Orange,FCB76D,2005,29
1004,Trans-Flame Yellowish Orange,FCB76D,2006,29
1005,Trans-Fire Yellow,FBE890,2003,3
1005,Trans-Fire Yellow,FBE890,2005,4
1005,Trans-Fire Yellow,FBE890,2006,34
1006,Trans-Light Royal Blue,B4D4F7,2005,90
1007,Reddish Lilac,8E5597,2004,3
1007,Reddish Lilac,8E5597,2005,46
1008,Vintage Blue,039CBD,1949,24
1009,Vintage Green,1E601E,1949,32
1010,Vintage Red,CA1F08,1949,31
1011,Vintage Yellow,F3C305,1949,24
1012,Fabuland Orange,EF9121,1983,1
1012,Fabuland Orange,EF9121,1987,4
1013,Modulex White,F4F4F4,1963,2998
1014,Modulex Light Bluish Gray,AfB5C7,1963,10
1015,Modulex Light Gray,9C9C9C,1963,2249
1016,Modulex Charcoal Gray,595D60,1963,2
1017,Modulex Tile Gray,6B5A5A,1963,222
1018,Modulex Black,4D4C52,1963,2503
1019,Modulex Tile Brown,330000,1963,161
1020,Modulex Terracotta,5C5030,1963,1622
1021,Modulex Brown,907450,1963,2223
1022,Modulex Buff,DEC69C,1963,1626
1023,Modulex Red,B52C20,1963,26
1024,Modulex Pink Red,F45C40,1963,7
1025,Modulex Orange,F47B30,1963,26
1026,Modulex Light Orange,F7AD63,1963,7
1027,Modulex Light Yellow,FFE371,1963,8
1028,Modulex Ochre Yellow,FED557,1963,1107
1029,Modulex Lemon,BDC618,1963,23
1030,Modulex Pastel Green,7DB538,1963,35
1031,Modulex Olive Green,7C9051,1963,1111
1032,Modulex Aqua Green,27867E,1963,16
1033,Modulex Teal Blue,467083,1963,1104
1034,Modulex Tile Blue,0057A6,1963,80
1035,Modulex Medium Blue,61AFFF,1963,8
1036,Modulex Pastel Blue,68AECE,1963,19
1037,Modulex Violet,BD7D85,1963,7
1038,Modulex Pink,F785B1,1963,19
1039,Modulex Clear,FFFFFF,1963,1394
1050,Coral,FF698F,2019,390
1050,Coral,FF698F,2020,740
1050,Coral,FF698F,2021,1531
1050,Coral,FF698F,2022,1206
1050,Coral,FF698F,2023,1240
1050,Coral,FF698F,2024,1254
1050,Coral,FF698F,2025,1073
1051,Pastel Blue,5AC4DA,2000,7
1051,Pastel Blue,5AC4DA,2005,166
1051,Pastel Blue,5AC4DA,2006,328
1051,Pastel Blue,5AC4DA,2010,166
1051,Pastel Blue,5AC4DA,2011,235
1052,Glitter Trans-Orange,F08F1C,2020,1
1053,Opal Trans-Light Blue,68BCC5,2020,58
1053,Opal Trans-Light Blue,68BCC5,2021,267
1053,Opal Trans-Light Blue,68BCC5,2022,84
1053,Opal Trans-Light Blue,68BCC5,2023,165
1053,Opal Trans-Light Blue,68BCC5,2024,254
1053,Opal Trans-Light Blue,68BCC5,2025,92
1054,Opal Trans-Dark Pink,CE1D9B,2020,32
1054,Opal Trans-Dark Pink,CE1D9B,2021,23
1054,Opal Trans-Dark Pink,CE1D9B,2022,7
1054,Opal Trans-Dark Pink,CE1D9B,2023,29
1054,Opal Trans-Dark Pink,CE1D9B,2024,54
1054,Opal Trans-Dark Pink,CE1D9B,2025,72
1055,Opal Trans-Clear,FCFCFC,2020,32
1055,Opal Trans-Clear,FCFCFC,2021,69
1055,Opal Trans-Clear,FCFCFC,2022,225
1055,Opal Trans-Clear,FCFCFC,2023,201
1055,Opal Trans-Clear,FCFCFC,2024,160
1055,Opal Trans-Clear,FCFCFC,2025,216
1056,Opal Trans-Brown,583927,2020,48
1056,Opal Trans-Brown,583927,2021,107
1056,Opal Trans-Brown,583927,2023,21
1057,Trans-Light Bright Green,C9E788,2003,44
1057,Trans-Light Bright Green,C9E788,2004,41
1057,Trans-Light Bright Green,C9E788,2005,27
1057,Trans-Light Bright Green,C9E788,2006,17
1058,Trans-Light Green,94E5AB,2005,33
1058,Trans-Light Green,94E5AB,2006,9
1059,Opal Trans-Purple,8320B7,2020,25
1059,Opal Trans-Purple,8320B7,2022,7
1059,Opal Trans-Purple,8320B7,2023,80
1059,Opal Trans-Purple,8320B7,2024,131
1059,Opal Trans-Purple,8320B7,2025,51
1060,Opal Trans-Bright Green,84B68D,2022,31
1060,Opal Trans-Bright Green,84B68D,2023,24
1060,Opal Trans-Bright Green,84B68D,2024,15
1060,Opal Trans-Bright Green,84B68D,2025,79
1061,Opal Trans-Dark Blue,0020A0,2021,24
1061,Opal Trans-Dark Blue,0020A0,2022,27
1061,Opal Trans-Dark Blue,0020A0,2023,55
1061,Opal Trans-Dark Blue,0020A0,2024,90
1061,Opal Trans-Dark Blue,0020A0,2025,14
1062,Vibrant Yellow,EBD800,2022,597
1062,Vibrant Yellow,EBD800,2023,462
1062,Vibrant Yellow,EBD800,2024,305
1062,Vibrant Yellow,EBD800,2025,484
1063,Pearl Copper,B46A00,2017,31
1063,Pearl Copper,B46A00,2018,11
1063,Pearl Copper,B46A00,2019,20
1063,Pearl Copper,B46A00,2020,5
1064,Fabuland Red,FF8014,1979,1
1064,Fabuland Red,FF8014,1980,1
1064,Fabuland Red,FF8014,1985,6
1064,Fabuland Red,FF8014,1986,8
1064,Fabuland Red,FF8014,1989,1
1064,Fabuland Red,FF8014,1991,4
1064,Fabuland Red,FF8014,1994,2
1065,Reddish Gold,AC8247,2002,8
1065,Reddish Gold,AC8247,2003,25
1065,Reddish Gold,AC8247,2004,16
1065,Reddish Gold,AC8247,2005,38
1065,Reddish Gold,AC8247,2006,2
1066,Curry,DD982E,2004,9
1066,Curry,DD982E,2005,1
1067,Dark Nougat,AD6140,2001,4
1067,Dark Nougat,AD6140,2002,1
1067,Dark Nougat,AD6140,2004,5
1068,Bright Reddish Orange,EE5434,2003,14
1068,Bright Reddish Orange,EE5434,2004,2
1069,Pearl Red,D60026,2003,12
1069,Pearl Red,D60026,2004,3
1069,Pearl Red,D60026,2005,3
1069,Pearl Red,D60026,2006,6
1070,Pearl Blue,0059A3,2003,12
1070,Pearl Blue,0059A3,2005,4
1070,Pearl Blue,0059A3,2006,4
1070,Pearl Blue,0059A3,2009,1
1071,Pearl Green,008E3C,2003,13
1071,Pearl Green,008E3C,2005,5
1071,Pearl Green,008E3C,2006,3
1072,Pearl Brown,57392C,2003,12
1072,Pearl Brown,57392C,2004,1
1072,Pearl Brown,57392C,2005,13
1072,Pearl Brown,57392C,2006,9
1073,Pearl Black,0A1327,2000,4
1073,Pearl Black,0A1327,2003,14
1073,Pearl Black,0A1327,2004,2
1073,Pearl Black,0A1327,2005,6
1073,Pearl Black,0A1327,2006,10
1074,Duplo Blue,009ECE,2003,4
1074,Duplo Blue,009ECE,2004,2
1075,Duplo Medium Blue,3E95B6,2004,1
1076,Duplo Lime,FFF230,1992,5
1077,Fabuland Lime,78FC78,1982,2
1077,Fabuland Lime,78FC78,1985,1
1077,Fabuland Lime,78FC78,1986,13
1078,Duplo Medium Green,468A5F,2003,1
1079,Duplo Light Green,60BA76,2004,1
1080,Light Tan,F3C988,2006,1
1081,Rust Orange,872B17,2004,1
1081,Rust Orange,872B17,2005,2
1082,Clikits Pink,FE78B0,2006,32
1083,Two-tone Copper,945148,2001,2
1084,Two-tone Gold,AB673A,2002,6
1085,Two-tone Silver,737271,2002,6
1086,Pearl Lime,6A7944,2002,8
1086,Pearl Lime,6A7944,2003,30
1086,Pearl Lime,6A7944,2004,3
1087,Duplo Pink,FF879C,1992,14
1087,Duplo Pink,FF879C,1993,33
1088,Medium Brown,755945,2022,10
1088,Medium Brown,755945,2023,3
1088,Medium Brown,755945,2024,10
1088,Medium Brown,755945,2025,5
1089,Warm Tan,CCA373,2022,8
1089,Warm Tan,CCA373,2023,11
1089,Warm Tan,CCA373,2024,104
1089,Warm Tan,CCA373,2025,2
1090,Duplo Turquoise,3FB69E,2003,2
1091,Warm Yellowish Orange,FFCB78,2004,20
1092,Metallic Copper,764D3B,2008,32
1092,Metallic Copper,764D3B,2009,6
1092,Metallic Copper,764D3B,2011,2
1092,Metallic Copper,764D3B,2012,4
1093,Light Lilac,9195CA,2003,12
1093,Light Lilac,9195CA,2004,25
1093,Light Lilac,9195CA,2005,9
1093,Light Lilac,9195CA,2006,3
1093,Light Lilac,9195CA,2009,1
1093,Light Lilac,9195CA,2010,1
1093,Light Lilac,9195CA,2011,1
1094,Trans-Medium Purple,8D73B3,2003,41
1094,Trans-Medium Purple,8D73B3,2004,97
1094,Trans-Medium Purple,8D73B3,2005,113
1094,Trans-Medium Purple,8D73B3,2006,7
1095,Trans-Black,635F52,2023,326
1095,Trans-Black,635F52,2024,310
1095,Trans-Black,635F52,2025,184
1097,Glitter Trans-Medium Purple,8D73B3,2005,6
1098,Glitter Trans-Green,84B68D,2000,1
1099,Glitter Trans-Pink,E4ADC8,2005,2
1100,Clikits Yellow,FFCF0B,2003,6
1100,Clikits Yellow,FFCF0B,2004,16
1101,Duplo Dark Purple,5F27AA,2003,1
1102,Trans-Neon Red,FF0040,2001,5
1102,Trans-Neon Red,FF0040,2002,1
1102,Trans-Neon Red,FF0040,2003,2
1102,Trans-Neon Red,FF0040,2004,14
1103,Pearl Titanium,3E3C39,2010,12
1103,Pearl Titanium,3E3C39,2011,176
1103,Pearl Titanium,3E3C39,2012,305
1103,Pearl Titanium,3E3C39,2013,265
1103,Pearl Titanium,3E3C39,2014,231
1103,Pearl Titanium,3E3C39,2015,332
1103,Pearl Titanium,3E3C39,2016,227
1103,Pearl Titanium,3E3C39,2017,342
1103,Pearl Titanium,3E3C39,2018,324
1103,Pearl Titanium,3E3C39,2019,637
1103,Pearl Titanium,3E3C39,2020,818
1103,Pearl Titanium,3E3C39,2021,716
1103,Pearl Titanium,3E3C39,2022,896
1103,Pearl Titanium,3E3C39,2023,499
1103,Pearl Titanium,3E3C39,2024,508
1103,Pearl Titanium,3E3C39,2025,328
1104,HO Aqua,B3D7D1,1958,1
1105,HO Azure,1591cb,1963,1
1106,HO Blue-gray,354e5a,1958,2
1106,HO Blue-gray,354e5a,1970,1
1107,HO Cyan,5b98b3,1958,1
1108,HO Dark Aqua,a7dccf,1958,1
1109,HO Dark Blue,0A3463,1958,1
1109,HO Dark Blue,0A3463,1959,1
1109,HO Dark Blue,0A3463,1961,4
1109,HO Dark Blue,0A3463,1964,2
1109,HO Dark Blue,0A3463,1965,1
1110,HO Dark Gray,6D6E5C,1961,3
1110,HO Dark Gray,6D6E5C,1963,4
1110,HO Dark Gray,6D6E5C,1964,4
1111,HO Dark Green,184632,1958,1
1111,HO Dark Green,184632,1961,2
1111,HO Dark Green,184632,1964,1
1112,HO Dark Lime,b2b955,1958,1
1113,HO Dark Red,631314,1958,1
1113,HO Dark Red,631314,1961,3
1113,HO Dark Red,631314,1963,2
1113,HO Dark Red,631314,1964,4
1114,HO Dark Sand Green,627a62,1958,1
1115,HO Dark Turquoise,10929d,1965,1
1116,HO Earth Orange,bb771b,1957,1
1116,HO Earth Orange,bb771b,1958,1
1117,HO Gold,b4a774,1958,1
1118,HO Light Aqua,a3d1c0,1958,1
1119,HO Light Brown,965336,1957,1
1120,HO Light Gold,cdc298,1957,1
1120,HO Light Gold,cdc298,1958,1
1121,HO Light Tan,f9f1c7,1958,1
1121,HO Light Tan,f9f1c7,1959,1
1121,HO Light Tan,f9f1c7,1961,1
1121,HO Light Tan,f9f1c7,1964,1
1122,HO Light Yellow,f5fab7,1958,1
1123,HO Medium Blue,7396c8,1958,2
1124,HO Medium Red,c01111,1957,1
1124,HO Medium Red,c01111,1958,3
1125,HO Metallic Blue,0d4763,1958,2
1125,HO Metallic Blue,0d4763,1961,1
1126,HO Metallic Dark Gray,5e5e5e,1958,1
1126,HO Metallic Dark Gray,5e5e5e,1959,1
1127,HO Metallic Green,879867,1958,1
1128,HO Metallic Sand Blue,5f7d8c,1958,1
1129,HO Olive Green,9B9A5A,1957,1
1129,HO Olive Green,9B9A5A,1958,1
1129,HO Olive Green,9B9A5A,1961,1
1129,HO Olive Green,9B9A5A,1964,6
1129,HO Olive Green,9B9A5A,1965,3
1130,HO Rose,d06262,1958,1
1131,HO Sand Blue,6e8aa6,1957,1
1131,HO Sand Blue,6e8aa6,1958,1
1131,HO Sand Blue,6e8aa6,1965,1
1132,HO Sand Green,A0BCAC,1958,2
1132,HO Sand Green,A0BCAC,1964,1
1133,HO Tan,E4CD9E,1957,1
1133,HO Tan,E4CD9E,1958,1
1133,HO Tan,E4CD9E,1964,1
1134,HO Titanium,616161,1958,1
1135,Metal,A5ADB4,1957,2
1135,Metal,A5ADB4,1958,10
1135,Metal,A5ADB4,1961,2
1135,Metal,A5ADB4,1962,1
1135,Metal,A5ADB4,1969,2
1135,Metal,A5ADB4,1970,11
1135,Metal,A5ADB4,1974,16
1135,Metal,A5ADB4,2000,3
1135,Metal,A5ADB4,2001,1
1135,Metal,A5ADB4,2003,6
1135,Metal,A5ADB4,2004,2
1135,Metal,A5ADB4,2005,1
1135,Metal,A5ADB4,2006,1
1135,Metal,A5ADB4,2019,1
1135,Metal,A5ADB4,2021,1
1136,Reddish Orange,CA4C0B,2024,1394
1136,Reddish Orange,CA4C0B,2025,1187
1137,Sienna Brown,915C3C,2024,1
1137,Sienna Brown,915C3C,2025,3
1139,Opal Trans-Yellow,F5CD2F,2024,8
1139,Opal Trans-Yellow,F5CD2F,2025,7
1140,Neon Orange,EC4612,1999,8
1141,Neon Green,D2FC43,1999,13
1142,Dark Olive Green,5d5c36,2000,10
1142,Dark Olive Green,5d5c36,2001,1
1143,Glitter Milky White,FFFFFF,1999,3
1143,Glitter Milky White,FFFFFF,2005,2
1144,Chrome Red,CE3021,2003,2
1144,Chrome Red,CE3021,2009,2
1145,Ochre Yellow,DD9E47,2025,1
9999,[No Color/Any Color],05131D,1955,1
9999,[No Color/Any Color],05131D,1956,7
9999,[No Color/Any Color],05131D,1957,4
9999,[No Color/Any Color],05131D,1958,6
9999,[No Color/Any Color],05131D,1959,1
9999,[No Color/Any Color],05131D,1960,1
9999,[No Color/Any Color],05131D,1961,4
9999,[No Color/Any Color],05131D,1962,2
9999,[No Color/Any Color],05131D,1963,11
9999,[No Color/Any Color],05131D,1965,1
9999,[No Color/Any Color],05131D,1966,1
9999,[No Color/Any Color],05131D,1967,2
9999,[No Color/Any Color],05131D,1971,2
9999,[No Color/Any Color],05131D,1972,19
9999,[No Color/Any Color],05131D,1973,20
9999,[No Color/Any Color],05131D,1974,20
9999,[No Color/Any Color],05131D,1975,15
9999,[No Color/Any Color],05131D,1976,25
9999,[No Color/Any Color],05131D,1977,16
9999,[No Color/Any Color],05131D,1978,56
9999,[No Color/Any Color],05131D,1979,36
9999,[No Color/Any Color],05131D,1980,33
9999,[No Color/Any Color],05131D,1981,26
9999,[No Color/Any Color],05131D,1982,21
9999,[No Color/Any Color],05131D,1983,36
9999,[No Color/Any Color],05131D,1984,12
9999,[No Color/Any Color],05131D,1985,127
9999,[No Color/Any Color],05131D,1986,52
9999,[No Color/Any Color],05131D,1987,36
9999,[No Color/Any Color],05131D,1988,32
9999,[No Color/Any Color],05131D,1989,23
9999,[No Color/Any Color],05131D,1990,163
9999,[No Color/Any Color],05131D,1991,55
9999,[No Color/Any Color],05131D,1992,32
9999,[No Color/Any Color],05131D,1993,45
9999,[No Color/Any Color],05131D,1994,86
9999,[No Color/Any Color],05131D,1995,63
9999,[No Color/Any Color],05131D,1996,86
9999,[No Color/Any Color],05131D,1997,207
9999,[No Color/Any Color],05131D,1998,165
9999,[No Color/Any Color],05131D,1999,107
9999,[No Color/Any Color],05131D,2000,168
9999,[No Color/Any Color],05131D,2001,428
9999,[No Color/Any Color],05131D,2002,144
9999,[No Color/Any Color],05131D,2003,337
9999,[No Color/Any Color],05131D,2004,322
9999,[No Color/Any Color],05131D,2005,275
9999,[No Color/Any Color],05131D,2006,156
9999,[No Color/Any Color],05131D,2007,105
9999,[No Color/Any Color],05131D,2008,171
9999,[No Color/Any Color],05131D,2009,152
9999,[No Color/Any Color],05131D,2010,180
9999,[No Color/Any Color],05131D,2011,311
9999,[No Color/Any Color],05131D,2012,405
9999,[No Color/Any Color],05131D,2013,341
9999,[No Color/Any Color],05131D,2014,328
9999,[No Color/Any Color],05131D,2015,240
9999,[No Color/Any Color],05131D,2016,486
9999,[No Color/Any Color],05131D,2017,845
9999,[No Color/Any Color],05131D,2018,353
9999,[No Color/Any Color],05131D,2019,307
9999,[No Color/Any Color],05131D,2020,566
9999,[No Color/Any Color],05131D,2021,324
9999,[No Color/Any Color],05131D,2022,344
9999,[No Color/Any Color],05131D,2023,548
9999,[No Color/Any Color],05131D,2024,329
9999,[No Color/Any Color],05131D,2025,282
